--
-- PostgreSQL database dump
--

\restrict ZbQ3UXLlvdaABkDYS8DCWKy0UzJHRk4es0zvRslxNaHa5TQv1rG4NgfxdRIpMX2

-- Dumped from database version 18.3
-- Dumped by pg_dump version 18.3

-- Started on 2026-05-14 05:41:28

SET statement_timeout = 0;
SET lock_timeout = 0;
SET idle_in_transaction_session_timeout = 0;
SET transaction_timeout = 0;
SET client_encoding = 'UTF8';
SET standard_conforming_strings = on;
SELECT pg_catalog.set_config('search_path', '', false);
SET check_function_bodies = false;
SET xmloption = content;
SET client_min_messages = warning;
SET row_security = off;

--
-- TOC entry 5 (class 2615 OID 2200)
-- Name: public; Type: SCHEMA; Schema: -; Owner: admin_erp_db
--

-- *not* creating schema, since initdb creates it


ALTER SCHEMA public OWNER TO admin_erp_db;

SET default_tablespace = '';

SET default_table_access_method = heap;

--
-- TOC entry 251 (class 1259 OID 25145)
-- Name: appErpAdmin_adminroles; Type: TABLE; Schema: public; Owner: admin_erp_db
--

CREATE TABLE public."appErpAdmin_adminroles" (
    role_id integer NOT NULL,
    role character varying(100) NOT NULL
);


ALTER TABLE public."appErpAdmin_adminroles" OWNER TO admin_erp_db;

--
-- TOC entry 250 (class 1259 OID 25144)
-- Name: appErpAdmin_adminroles_role_id_seq; Type: SEQUENCE; Schema: public; Owner: admin_erp_db
--

ALTER TABLE public."appErpAdmin_adminroles" ALTER COLUMN role_id ADD GENERATED BY DEFAULT AS IDENTITY (
    SEQUENCE NAME public."appErpAdmin_adminroles_role_id_seq"
    START WITH 1
    INCREMENT BY 1
    NO MINVALUE
    NO MAXVALUE
    CACHE 1
);


--
-- TOC entry 255 (class 1259 OID 25180)
-- Name: appErpAdmin_courses; Type: TABLE; Schema: public; Owner: admin_erp_db
--

CREATE TABLE public."appErpAdmin_courses" (
    id integer NOT NULL,
    course_name character varying(100) NOT NULL
);


ALTER TABLE public."appErpAdmin_courses" OWNER TO admin_erp_db;

--
-- TOC entry 254 (class 1259 OID 25179)
-- Name: appErpAdmin_courses_id_seq; Type: SEQUENCE; Schema: public; Owner: admin_erp_db
--

ALTER TABLE public."appErpAdmin_courses" ALTER COLUMN id ADD GENERATED BY DEFAULT AS IDENTITY (
    SEQUENCE NAME public."appErpAdmin_courses_id_seq"
    START WITH 1
    INCREMENT BY 1
    NO MINVALUE
    NO MAXVALUE
    CACHE 1
);


--
-- TOC entry 259 (class 1259 OID 25200)
-- Name: appErpAdmin_coursesessions; Type: TABLE; Schema: public; Owner: admin_erp_db
--

CREATE TABLE public."appErpAdmin_coursesessions" (
    id integer NOT NULL,
    start_year integer NOT NULL,
    end_year integer NOT NULL,
    complete_name character varying(255) NOT NULL,
    course_id integer NOT NULL,
    university_id integer NOT NULL
);


ALTER TABLE public."appErpAdmin_coursesessions" OWNER TO admin_erp_db;

--
-- TOC entry 258 (class 1259 OID 25199)
-- Name: appErpAdmin_coursesessions_id_seq; Type: SEQUENCE; Schema: public; Owner: admin_erp_db
--

ALTER TABLE public."appErpAdmin_coursesessions" ALTER COLUMN id ADD GENERATED BY DEFAULT AS IDENTITY (
    SEQUENCE NAME public."appErpAdmin_coursesessions_id_seq"
    START WITH 1
    INCREMENT BY 1
    NO MINVALUE
    NO MAXVALUE
    CACHE 1
);


--
-- TOC entry 253 (class 1259 OID 25155)
-- Name: appErpAdmin_erpadmin; Type: TABLE; Schema: public; Owner: admin_erp_db
--

CREATE TABLE public."appErpAdmin_erpadmin" (
    id integer NOT NULL,
    name character varying(150) NOT NULL,
    email character varying(254) NOT NULL,
    password character varying(255) NOT NULL,
    role_id integer NOT NULL
);


ALTER TABLE public."appErpAdmin_erpadmin" OWNER TO admin_erp_db;

--
-- TOC entry 252 (class 1259 OID 25154)
-- Name: appErpAdmin_erpadmin_id_seq; Type: SEQUENCE; Schema: public; Owner: admin_erp_db
--

ALTER TABLE public."appErpAdmin_erpadmin" ALTER COLUMN id ADD GENERATED BY DEFAULT AS IDENTITY (
    SEQUENCE NAME public."appErpAdmin_erpadmin_id_seq"
    START WITH 1
    INCREMENT BY 1
    NO MINVALUE
    NO MAXVALUE
    CACHE 1
);


--
-- TOC entry 261 (class 1259 OID 25526)
-- Name: appErpAdmin_studentenrollment; Type: TABLE; Schema: public; Owner: admin_erp_db
--

CREATE TABLE public."appErpAdmin_studentenrollment" (
    id bigint NOT NULL,
    course_id integer NOT NULL,
    student_id bigint NOT NULL
);


ALTER TABLE public."appErpAdmin_studentenrollment" OWNER TO admin_erp_db;

--
-- TOC entry 260 (class 1259 OID 25525)
-- Name: appErpAdmin_studentenrollment_id_seq; Type: SEQUENCE; Schema: public; Owner: admin_erp_db
--

ALTER TABLE public."appErpAdmin_studentenrollment" ALTER COLUMN id ADD GENERATED BY DEFAULT AS IDENTITY (
    SEQUENCE NAME public."appErpAdmin_studentenrollment_id_seq"
    START WITH 1
    INCREMENT BY 1
    NO MINVALUE
    NO MAXVALUE
    CACHE 1
);


--
-- TOC entry 257 (class 1259 OID 25190)
-- Name: appErpAdmin_university; Type: TABLE; Schema: public; Owner: admin_erp_db
--

CREATE TABLE public."appErpAdmin_university" (
    id integer NOT NULL,
    university_name character varying(100) NOT NULL
);


ALTER TABLE public."appErpAdmin_university" OWNER TO admin_erp_db;

--
-- TOC entry 256 (class 1259 OID 25189)
-- Name: appErpAdmin_university_id_seq; Type: SEQUENCE; Schema: public; Owner: admin_erp_db
--

ALTER TABLE public."appErpAdmin_university" ALTER COLUMN id ADD GENERATED BY DEFAULT AS IDENTITY (
    SEQUENCE NAME public."appErpAdmin_university_id_seq"
    START WITH 1
    INCREMENT BY 1
    NO MINVALUE
    NO MAXVALUE
    CACHE 1
);


--
-- TOC entry 247 (class 1259 OID 16929)
-- Name: appFaculty_activitylogsfaculty; Type: TABLE; Schema: public; Owner: admin_erp_db
--

CREATE TABLE public."appFaculty_activitylogsfaculty" (
    id bigint NOT NULL,
    action character varying(10) NOT NULL,
    "timestamp" timestamp with time zone NOT NULL,
    faculty_id bigint NOT NULL
);


ALTER TABLE public."appFaculty_activitylogsfaculty" OWNER TO admin_erp_db;

--
-- TOC entry 246 (class 1259 OID 16928)
-- Name: appFaculty_activitylogsfaculty_id_seq; Type: SEQUENCE; Schema: public; Owner: admin_erp_db
--

ALTER TABLE public."appFaculty_activitylogsfaculty" ALTER COLUMN id ADD GENERATED BY DEFAULT AS IDENTITY (
    SEQUENCE NAME public."appFaculty_activitylogsfaculty_id_seq"
    START WITH 1
    INCREMENT BY 1
    NO MINVALUE
    NO MAXVALUE
    CACHE 1
);


--
-- TOC entry 245 (class 1259 OID 16912)
-- Name: appFaculty_faculty; Type: TABLE; Schema: public; Owner: admin_erp_db
--

CREATE TABLE public."appFaculty_faculty" (
    id bigint NOT NULL,
    date_created timestamp with time zone NOT NULL,
    faculty_email character varying(254) NOT NULL,
    faculty_name character varying(100) NOT NULL,
    faculty_id character varying(8) NOT NULL,
    faculty_designation character varying(50) NOT NULL,
    optionselected character varying(20) NOT NULL,
    "Timestamp" character varying(50),
    "Email Address" character varying(50),
    "Name of Faculty (can add Dr., Prof,Asst. Prof)" character varying(50),
    "Faculty id : 4 digit code " integer,
    "Faculty Role" character varying(50),
    designation character varying(50)
);


ALTER TABLE public."appFaculty_faculty" OWNER TO admin_erp_db;

--
-- TOC entry 244 (class 1259 OID 16911)
-- Name: appFaculty_faculty_id_seq; Type: SEQUENCE; Schema: public; Owner: admin_erp_db
--

ALTER TABLE public."appFaculty_faculty" ALTER COLUMN id ADD GENERATED BY DEFAULT AS IDENTITY (
    SEQUENCE NAME public."appFaculty_faculty_id_seq"
    START WITH 1
    INCREMENT BY 1
    NO MINVALUE
    NO MAXVALUE
    CACHE 1
);


--
-- TOC entry 249 (class 1259 OID 16953)
-- Name: appFaculty_facultyassignedsubject; Type: TABLE; Schema: public; Owner: admin_erp_db
--

CREATE TABLE public."appFaculty_facultyassignedsubject" (
    id bigint NOT NULL,
    subject_name character varying(200) NOT NULL,
    subject_code character varying(20) NOT NULL,
    semester character varying(20) NOT NULL,
    session character varying(20) NOT NULL,
    date_assigned timestamp with time zone NOT NULL,
    faculty_id character varying(10) NOT NULL
);


ALTER TABLE public."appFaculty_facultyassignedsubject" OWNER TO admin_erp_db;

--
-- TOC entry 248 (class 1259 OID 16952)
-- Name: appFaculty_facultyassignedsubject_id_seq; Type: SEQUENCE; Schema: public; Owner: admin_erp_db
--

ALTER TABLE public."appFaculty_facultyassignedsubject" ALTER COLUMN id ADD GENERATED BY DEFAULT AS IDENTITY (
    SEQUENCE NAME public."appFaculty_facultyassignedsubject_id_seq"
    START WITH 1
    INCREMENT BY 1
    NO MINVALUE
    NO MAXVALUE
    CACHE 1
);


--
-- TOC entry 239 (class 1259 OID 16843)
-- Name: appMainsite_mainsiteenquiryform; Type: TABLE; Schema: public; Owner: admin_erp_db
--

CREATE TABLE public."appMainsite_mainsiteenquiryform" (
    id bigint NOT NULL,
    name character varying(100) NOT NULL,
    mobile character varying(13) NOT NULL,
    from_place character varying(20) NOT NULL,
    course character varying(20) NOT NULL,
    created_at timestamp with time zone NOT NULL
);


ALTER TABLE public."appMainsite_mainsiteenquiryform" OWNER TO admin_erp_db;

--
-- TOC entry 238 (class 1259 OID 16842)
-- Name: appMainsite_mainsiteenquiryform_id_seq; Type: SEQUENCE; Schema: public; Owner: admin_erp_db
--

ALTER TABLE public."appMainsite_mainsiteenquiryform" ALTER COLUMN id ADD GENERATED BY DEFAULT AS IDENTITY (
    SEQUENCE NAME public."appMainsite_mainsiteenquiryform_id_seq"
    START WITH 1
    INCREMENT BY 1
    NO MINVALUE
    NO MAXVALUE
    CACHE 1
);


--
-- TOC entry 243 (class 1259 OID 16876)
-- Name: appStudent_activitylogs; Type: TABLE; Schema: public; Owner: admin_erp_db
--

CREATE TABLE public."appStudent_activitylogs" (
    id bigint NOT NULL,
    action character varying(10) NOT NULL,
    "timestamp" timestamp with time zone NOT NULL,
    student_id bigint NOT NULL
);


ALTER TABLE public."appStudent_activitylogs" OWNER TO admin_erp_db;

--
-- TOC entry 242 (class 1259 OID 16875)
-- Name: appStudent_activitylogs_id_seq; Type: SEQUENCE; Schema: public; Owner: admin_erp_db
--

ALTER TABLE public."appStudent_activitylogs" ALTER COLUMN id ADD GENERATED BY DEFAULT AS IDENTITY (
    SEQUENCE NAME public."appStudent_activitylogs_id_seq"
    START WITH 1
    INCREMENT BY 1
    NO MINVALUE
    NO MAXVALUE
    CACHE 1
);


--
-- TOC entry 241 (class 1259 OID 16854)
-- Name: appStudent_student; Type: TABLE; Schema: public; Owner: admin_erp_db
--

CREATE TABLE public."appStudent_student" (
    id bigint NOT NULL,
    name character varying(25) NOT NULL,
    student_id character varying(12) NOT NULL,
    course character varying(6),
    session character varying(10),
    image character varying(100),
    date_created timestamp with time zone NOT NULL,
    email character varying(254) NOT NULL
);


ALTER TABLE public."appStudent_student" OWNER TO admin_erp_db;

--
-- TOC entry 240 (class 1259 OID 16853)
-- Name: appStudent_student_id_seq; Type: SEQUENCE; Schema: public; Owner: admin_erp_db
--

ALTER TABLE public."appStudent_student" ALTER COLUMN id ADD GENERATED BY DEFAULT AS IDENTITY (
    SEQUENCE NAME public."appStudent_student_id_seq"
    START WITH 1
    INCREMENT BY 1
    NO MINVALUE
    NO MAXVALUE
    CACHE 1
);


--
-- TOC entry 226 (class 1259 OID 16682)
-- Name: auth_group; Type: TABLE; Schema: public; Owner: admin_erp_db
--

CREATE TABLE public.auth_group (
    id integer NOT NULL,
    name character varying(150) NOT NULL
);


ALTER TABLE public.auth_group OWNER TO admin_erp_db;

--
-- TOC entry 225 (class 1259 OID 16681)
-- Name: auth_group_id_seq; Type: SEQUENCE; Schema: public; Owner: admin_erp_db
--

ALTER TABLE public.auth_group ALTER COLUMN id ADD GENERATED BY DEFAULT AS IDENTITY (
    SEQUENCE NAME public.auth_group_id_seq
    START WITH 1
    INCREMENT BY 1
    NO MINVALUE
    NO MAXVALUE
    CACHE 1
);


--
-- TOC entry 228 (class 1259 OID 16692)
-- Name: auth_group_permissions; Type: TABLE; Schema: public; Owner: admin_erp_db
--

CREATE TABLE public.auth_group_permissions (
    id bigint NOT NULL,
    group_id integer NOT NULL,
    permission_id integer NOT NULL
);


ALTER TABLE public.auth_group_permissions OWNER TO admin_erp_db;

--
-- TOC entry 227 (class 1259 OID 16691)
-- Name: auth_group_permissions_id_seq; Type: SEQUENCE; Schema: public; Owner: admin_erp_db
--

ALTER TABLE public.auth_group_permissions ALTER COLUMN id ADD GENERATED BY DEFAULT AS IDENTITY (
    SEQUENCE NAME public.auth_group_permissions_id_seq
    START WITH 1
    INCREMENT BY 1
    NO MINVALUE
    NO MAXVALUE
    CACHE 1
);


--
-- TOC entry 224 (class 1259 OID 16672)
-- Name: auth_permission; Type: TABLE; Schema: public; Owner: admin_erp_db
--

CREATE TABLE public.auth_permission (
    id integer NOT NULL,
    name character varying(255) NOT NULL,
    content_type_id integer NOT NULL,
    codename character varying(100) NOT NULL
);


ALTER TABLE public.auth_permission OWNER TO admin_erp_db;

--
-- TOC entry 223 (class 1259 OID 16671)
-- Name: auth_permission_id_seq; Type: SEQUENCE; Schema: public; Owner: admin_erp_db
--

ALTER TABLE public.auth_permission ALTER COLUMN id ADD GENERATED BY DEFAULT AS IDENTITY (
    SEQUENCE NAME public.auth_permission_id_seq
    START WITH 1
    INCREMENT BY 1
    NO MINVALUE
    NO MAXVALUE
    CACHE 1
);


--
-- TOC entry 230 (class 1259 OID 16701)
-- Name: auth_user; Type: TABLE; Schema: public; Owner: admin_erp_db
--

CREATE TABLE public.auth_user (
    id integer NOT NULL,
    password character varying(128) NOT NULL,
    last_login timestamp with time zone,
    is_superuser boolean NOT NULL,
    username character varying(150) NOT NULL,
    first_name character varying(150) NOT NULL,
    last_name character varying(150) NOT NULL,
    email character varying(254) NOT NULL,
    is_staff boolean NOT NULL,
    is_active boolean NOT NULL,
    date_joined timestamp with time zone NOT NULL
);


ALTER TABLE public.auth_user OWNER TO admin_erp_db;

--
-- TOC entry 232 (class 1259 OID 16720)
-- Name: auth_user_groups; Type: TABLE; Schema: public; Owner: admin_erp_db
--

CREATE TABLE public.auth_user_groups (
    id bigint NOT NULL,
    user_id integer NOT NULL,
    group_id integer NOT NULL
);


ALTER TABLE public.auth_user_groups OWNER TO admin_erp_db;

--
-- TOC entry 231 (class 1259 OID 16719)
-- Name: auth_user_groups_id_seq; Type: SEQUENCE; Schema: public; Owner: admin_erp_db
--

ALTER TABLE public.auth_user_groups ALTER COLUMN id ADD GENERATED BY DEFAULT AS IDENTITY (
    SEQUENCE NAME public.auth_user_groups_id_seq
    START WITH 1
    INCREMENT BY 1
    NO MINVALUE
    NO MAXVALUE
    CACHE 1
);


--
-- TOC entry 229 (class 1259 OID 16700)
-- Name: auth_user_id_seq; Type: SEQUENCE; Schema: public; Owner: admin_erp_db
--

ALTER TABLE public.auth_user ALTER COLUMN id ADD GENERATED BY DEFAULT AS IDENTITY (
    SEQUENCE NAME public.auth_user_id_seq
    START WITH 1
    INCREMENT BY 1
    NO MINVALUE
    NO MAXVALUE
    CACHE 1
);


--
-- TOC entry 234 (class 1259 OID 16729)
-- Name: auth_user_user_permissions; Type: TABLE; Schema: public; Owner: admin_erp_db
--

CREATE TABLE public.auth_user_user_permissions (
    id bigint NOT NULL,
    user_id integer NOT NULL,
    permission_id integer NOT NULL
);


ALTER TABLE public.auth_user_user_permissions OWNER TO admin_erp_db;

--
-- TOC entry 233 (class 1259 OID 16728)
-- Name: auth_user_user_permissions_id_seq; Type: SEQUENCE; Schema: public; Owner: admin_erp_db
--

ALTER TABLE public.auth_user_user_permissions ALTER COLUMN id ADD GENERATED BY DEFAULT AS IDENTITY (
    SEQUENCE NAME public.auth_user_user_permissions_id_seq
    START WITH 1
    INCREMENT BY 1
    NO MINVALUE
    NO MAXVALUE
    CACHE 1
);


--
-- TOC entry 236 (class 1259 OID 16790)
-- Name: django_admin_log; Type: TABLE; Schema: public; Owner: admin_erp_db
--

CREATE TABLE public.django_admin_log (
    id integer NOT NULL,
    action_time timestamp with time zone NOT NULL,
    object_id text,
    object_repr character varying(200) NOT NULL,
    action_flag smallint NOT NULL,
    change_message text NOT NULL,
    content_type_id integer,
    user_id integer NOT NULL,
    CONSTRAINT django_admin_log_action_flag_check CHECK ((action_flag >= 0))
);


ALTER TABLE public.django_admin_log OWNER TO admin_erp_db;

--
-- TOC entry 235 (class 1259 OID 16789)
-- Name: django_admin_log_id_seq; Type: SEQUENCE; Schema: public; Owner: admin_erp_db
--

ALTER TABLE public.django_admin_log ALTER COLUMN id ADD GENERATED BY DEFAULT AS IDENTITY (
    SEQUENCE NAME public.django_admin_log_id_seq
    START WITH 1
    INCREMENT BY 1
    NO MINVALUE
    NO MAXVALUE
    CACHE 1
);


--
-- TOC entry 222 (class 1259 OID 16660)
-- Name: django_content_type; Type: TABLE; Schema: public; Owner: admin_erp_db
--

CREATE TABLE public.django_content_type (
    id integer NOT NULL,
    app_label character varying(100) NOT NULL,
    model character varying(100) NOT NULL
);


ALTER TABLE public.django_content_type OWNER TO admin_erp_db;

--
-- TOC entry 221 (class 1259 OID 16659)
-- Name: django_content_type_id_seq; Type: SEQUENCE; Schema: public; Owner: admin_erp_db
--

ALTER TABLE public.django_content_type ALTER COLUMN id ADD GENERATED BY DEFAULT AS IDENTITY (
    SEQUENCE NAME public.django_content_type_id_seq
    START WITH 1
    INCREMENT BY 1
    NO MINVALUE
    NO MAXVALUE
    CACHE 1
);


--
-- TOC entry 220 (class 1259 OID 16648)
-- Name: django_migrations; Type: TABLE; Schema: public; Owner: admin_erp_db
--

CREATE TABLE public.django_migrations (
    id bigint NOT NULL,
    app character varying(255) NOT NULL,
    name character varying(255) NOT NULL,
    applied timestamp with time zone NOT NULL
);


ALTER TABLE public.django_migrations OWNER TO admin_erp_db;

--
-- TOC entry 219 (class 1259 OID 16647)
-- Name: django_migrations_id_seq; Type: SEQUENCE; Schema: public; Owner: admin_erp_db
--

ALTER TABLE public.django_migrations ALTER COLUMN id ADD GENERATED BY DEFAULT AS IDENTITY (
    SEQUENCE NAME public.django_migrations_id_seq
    START WITH 1
    INCREMENT BY 1
    NO MINVALUE
    NO MAXVALUE
    CACHE 1
);


--
-- TOC entry 237 (class 1259 OID 16830)
-- Name: django_session; Type: TABLE; Schema: public; Owner: admin_erp_db
--

CREATE TABLE public.django_session (
    session_key character varying(40) NOT NULL,
    session_data text NOT NULL,
    expire_date timestamp with time zone NOT NULL
);


ALTER TABLE public.django_session OWNER TO admin_erp_db;

--
-- TOC entry 5217 (class 0 OID 25145)
-- Dependencies: 251
-- Data for Name: appErpAdmin_adminroles; Type: TABLE DATA; Schema: public; Owner: admin_erp_db
--

INSERT INTO public."appErpAdmin_adminroles" VALUES (1, 'SuperAdminUser');
INSERT INTO public."appErpAdmin_adminroles" VALUES (2, 'SubAdminUser');
INSERT INTO public."appErpAdmin_adminroles" VALUES (3, 'maintainence_executive');


--
-- TOC entry 5221 (class 0 OID 25180)
-- Dependencies: 255
-- Data for Name: appErpAdmin_courses; Type: TABLE DATA; Schema: public; Owner: admin_erp_db
--

INSERT INTO public."appErpAdmin_courses" VALUES (1, 'BCA');
INSERT INTO public."appErpAdmin_courses" VALUES (2, 'BSC-IT');
INSERT INTO public."appErpAdmin_courses" VALUES (3, 'BBA');
INSERT INTO public."appErpAdmin_courses" VALUES (4, 'BCOM');
INSERT INTO public."appErpAdmin_courses" VALUES (5, 'PGDM');
INSERT INTO public."appErpAdmin_courses" VALUES (6, 'MBA');
INSERT INTO public."appErpAdmin_courses" VALUES (7, 'MCA');


--
-- TOC entry 5225 (class 0 OID 25200)
-- Dependencies: 259
-- Data for Name: appErpAdmin_coursesessions; Type: TABLE DATA; Schema: public; Owner: admin_erp_db
--

INSERT INTO public."appErpAdmin_coursesessions" VALUES (1, 2026, 2029, 'BCA_AKU_2026-2029', 1, 1);
INSERT INTO public."appErpAdmin_coursesessions" VALUES (2, 2026, 2028, 'MCA_AKU_2026-2028', 7, 1);
INSERT INTO public."appErpAdmin_coursesessions" VALUES (3, 2024, 2026, 'MCA_AKU_2024-2026', 7, 1);
INSERT INTO public."appErpAdmin_coursesessions" VALUES (5, 2026, 2029, 'BSC-IT_PPU_2026-2029', 2, 2);
INSERT INTO public."appErpAdmin_coursesessions" VALUES (6, 2026, 2028, 'PGDM_PPU_2026-2028', 5, 2);
INSERT INTO public."appErpAdmin_coursesessions" VALUES (7, 2026, 2029, 'BBA_AKU_2026-2029', 3, 1);


--
-- TOC entry 5219 (class 0 OID 25155)
-- Dependencies: 253
-- Data for Name: appErpAdmin_erpadmin; Type: TABLE DATA; Schema: public; Owner: admin_erp_db
--

INSERT INTO public."appErpAdmin_erpadmin" VALUES (1, 'Aayush-Sahay', 'admin@erp.com', 'admin', 1);
INSERT INTO public."appErpAdmin_erpadmin" VALUES (2, 'SubErpExec', 'subadmin@erp.com', 'subadmin', 2);
INSERT INTO public."appErpAdmin_erpadmin" VALUES (3, 'maintainence', 'maintainence@erp.com', 'justdoit', 3);


--
-- TOC entry 5227 (class 0 OID 25526)
-- Dependencies: 261
-- Data for Name: appErpAdmin_studentenrollment; Type: TABLE DATA; Schema: public; Owner: admin_erp_db
--

INSERT INTO public."appErpAdmin_studentenrollment" VALUES (1, 3, 1);
INSERT INTO public."appErpAdmin_studentenrollment" VALUES (2, 3, 2);
INSERT INTO public."appErpAdmin_studentenrollment" VALUES (3, 6, 3);
INSERT INTO public."appErpAdmin_studentenrollment" VALUES (4, 7, 4);
INSERT INTO public."appErpAdmin_studentenrollment" VALUES (5, 7, 5);
INSERT INTO public."appErpAdmin_studentenrollment" VALUES (6, 7, 6);
INSERT INTO public."appErpAdmin_studentenrollment" VALUES (7, 1, 7);
INSERT INTO public."appErpAdmin_studentenrollment" VALUES (8, 1, 8);
INSERT INTO public."appErpAdmin_studentenrollment" VALUES (9, 1, 9);
INSERT INTO public."appErpAdmin_studentenrollment" VALUES (10, 3, 10);
INSERT INTO public."appErpAdmin_studentenrollment" VALUES (11, 3, 11);
INSERT INTO public."appErpAdmin_studentenrollment" VALUES (12, 3, 12);
INSERT INTO public."appErpAdmin_studentenrollment" VALUES (13, 3, 13);
INSERT INTO public."appErpAdmin_studentenrollment" VALUES (14, 3, 14);
INSERT INTO public."appErpAdmin_studentenrollment" VALUES (15, 3, 15);


--
-- TOC entry 5223 (class 0 OID 25190)
-- Dependencies: 257
-- Data for Name: appErpAdmin_university; Type: TABLE DATA; Schema: public; Owner: admin_erp_db
--

INSERT INTO public."appErpAdmin_university" VALUES (1, 'AKU');
INSERT INTO public."appErpAdmin_university" VALUES (2, 'PPU');


--
-- TOC entry 5213 (class 0 OID 16929)
-- Dependencies: 247
-- Data for Name: appFaculty_activitylogsfaculty; Type: TABLE DATA; Schema: public; Owner: admin_erp_db
--

INSERT INTO public."appFaculty_activitylogsfaculty" VALUES (1, 'Login', '2026-05-07 13:48:08.905519+05:30', 1);
INSERT INTO public."appFaculty_activitylogsfaculty" VALUES (10, 'Logout', '2026-05-07 14:40:46.685819+05:30', 1);
INSERT INTO public."appFaculty_activitylogsfaculty" VALUES (11, 'Login', '2026-05-07 18:18:17.003018+05:30', 1);
INSERT INTO public."appFaculty_activitylogsfaculty" VALUES (12, 'Logout', '2026-05-07 18:18:23.13768+05:30', 1);
INSERT INTO public."appFaculty_activitylogsfaculty" VALUES (13, 'Login', '2026-05-08 06:20:02.269014+05:30', 2);
INSERT INTO public."appFaculty_activitylogsfaculty" VALUES (14, 'Logout', '2026-05-08 06:20:11.081069+05:30', 2);
INSERT INTO public."appFaculty_activitylogsfaculty" VALUES (15, 'Login', '2026-05-08 06:20:29.928706+05:30', 7);
INSERT INTO public."appFaculty_activitylogsfaculty" VALUES (16, 'Logout', '2026-05-08 06:20:41.908745+05:30', 7);
INSERT INTO public."appFaculty_activitylogsfaculty" VALUES (17, 'Login', '2026-05-08 06:21:08.44084+05:30', 8);
INSERT INTO public."appFaculty_activitylogsfaculty" VALUES (18, 'Logout', '2026-05-08 06:21:15.596228+05:30', 8);
INSERT INTO public."appFaculty_activitylogsfaculty" VALUES (19, 'Login', '2026-05-08 06:25:47.421563+05:30', 7);
INSERT INTO public."appFaculty_activitylogsfaculty" VALUES (20, 'Logout', '2026-05-08 06:27:57.452198+05:30', 7);
INSERT INTO public."appFaculty_activitylogsfaculty" VALUES (21, 'Login', '2026-05-08 06:29:26.38442+05:30', 7);
INSERT INTO public."appFaculty_activitylogsfaculty" VALUES (22, 'Logout', '2026-05-08 06:29:28.35907+05:30', 7);
INSERT INTO public."appFaculty_activitylogsfaculty" VALUES (23, 'Login', '2026-05-08 09:20:05.369619+05:30', 2);
INSERT INTO public."appFaculty_activitylogsfaculty" VALUES (24, 'Logout', '2026-05-08 09:20:22.579801+05:30', 2);
INSERT INTO public."appFaculty_activitylogsfaculty" VALUES (25, 'Login', '2026-05-08 09:20:35.112885+05:30', 7);
INSERT INTO public."appFaculty_activitylogsfaculty" VALUES (26, 'Login', '2026-05-08 09:33:20.176698+05:30', 7);
INSERT INTO public."appFaculty_activitylogsfaculty" VALUES (27, 'Logout', '2026-05-08 09:34:18.001099+05:30', 7);
INSERT INTO public."appFaculty_activitylogsfaculty" VALUES (28, 'Login', '2026-05-08 09:34:38.379091+05:30', 6);
INSERT INTO public."appFaculty_activitylogsfaculty" VALUES (29, 'Logout', '2026-05-08 09:34:51.457366+05:30', 6);
INSERT INTO public."appFaculty_activitylogsfaculty" VALUES (30, 'Login', '2026-05-08 17:48:52.277566+05:30', 7);
INSERT INTO public."appFaculty_activitylogsfaculty" VALUES (31, 'Login', '2026-05-08 17:52:56.999464+05:30', 7);
INSERT INTO public."appFaculty_activitylogsfaculty" VALUES (32, 'Login', '2026-05-08 17:59:35.804013+05:30', 7);
INSERT INTO public."appFaculty_activitylogsfaculty" VALUES (33, 'Login', '2026-05-08 18:08:13.306435+05:30', 7);
INSERT INTO public."appFaculty_activitylogsfaculty" VALUES (34, 'Login', '2026-05-09 06:21:45.376365+05:30', 8);
INSERT INTO public."appFaculty_activitylogsfaculty" VALUES (35, 'Login', '2026-05-09 06:26:30.83569+05:30', 8);
INSERT INTO public."appFaculty_activitylogsfaculty" VALUES (36, 'Logout', '2026-05-09 06:28:19.909921+05:30', 8);
INSERT INTO public."appFaculty_activitylogsfaculty" VALUES (37, 'Login', '2026-05-13 09:26:10.337018+05:30', 5);
INSERT INTO public."appFaculty_activitylogsfaculty" VALUES (38, 'Logout', '2026-05-13 09:26:19.74589+05:30', 5);
INSERT INTO public."appFaculty_activitylogsfaculty" VALUES (39, 'Login', '2026-05-13 09:26:33.021973+05:30', 7);
INSERT INTO public."appFaculty_activitylogsfaculty" VALUES (40, 'Logout', '2026-05-13 09:28:13.914703+05:30', 7);
INSERT INTO public."appFaculty_activitylogsfaculty" VALUES (41, 'Login', '2026-05-13 18:21:22.128697+05:30', 7);
INSERT INTO public."appFaculty_activitylogsfaculty" VALUES (42, 'Logout', '2026-05-13 18:27:15.247383+05:30', 7);
INSERT INTO public."appFaculty_activitylogsfaculty" VALUES (43, 'Login', '2026-05-13 18:27:19.267553+05:30', 7);
INSERT INTO public."appFaculty_activitylogsfaculty" VALUES (44, 'Logout', '2026-05-13 18:43:19.254113+05:30', 7);
INSERT INTO public."appFaculty_activitylogsfaculty" VALUES (45, 'Login', '2026-05-13 18:43:32.071675+05:30', 7);
INSERT INTO public."appFaculty_activitylogsfaculty" VALUES (46, 'Logout', '2026-05-13 18:49:33.104871+05:30', 7);
INSERT INTO public."appFaculty_activitylogsfaculty" VALUES (47, 'Login', '2026-05-13 18:49:53.376663+05:30', 8);
INSERT INTO public."appFaculty_activitylogsfaculty" VALUES (48, 'Login', '2026-05-13 18:50:40.646163+05:30', 8);
INSERT INTO public."appFaculty_activitylogsfaculty" VALUES (49, 'Logout', '2026-05-13 19:00:05.483151+05:30', 8);


--
-- TOC entry 5211 (class 0 OID 16912)
-- Dependencies: 245
-- Data for Name: appFaculty_faculty; Type: TABLE DATA; Schema: public; Owner: admin_erp_db
--

INSERT INTO public."appFaculty_faculty" VALUES (1, '2026-05-07 12:53:21+05:30', 'abcxyz@gmail.com', 'Prof. ABC XYZ', '1212', 'IT / Skill Trainer', 'opt1_IT_Only', NULL, NULL, NULL, NULL, NULL, NULL);
INSERT INTO public."appFaculty_faculty" VALUES (2, '2026-05-07 19:40:00+05:30', 'amrit@gmail.com', 'Prof. Amrit Thakur', '111001', 'Assistant Professor', 'opt3_Both_roles', NULL, NULL, NULL, NULL, NULL, NULL);
INSERT INTO public."appFaculty_faculty" VALUES (4, '2026-05-07 19:41:00+05:30', 'meena@gmail.com', 'Dr. Meena Kumari', '222001', 'Assistant Professor', 'opt2_Manag_Only', NULL, NULL, NULL, NULL, NULL, NULL);
INSERT INTO public."appFaculty_faculty" VALUES (5, '2026-05-07 19:41:00+05:30', 'jeet@gmail.com', 'Prof. Jeetesh Singh', '111002', 'Assistant Professor', 'opt1_IT_Only', NULL, NULL, NULL, NULL, NULL, NULL);
INSERT INTO public."appFaculty_faculty" VALUES (6, '2026-05-07 19:43:00+05:30', 'Subodh@gmail.com', 'Prof. Subodh Kumar', '111003', 'Assistant Professor', 'opt1_IT_Only', NULL, NULL, NULL, NULL, NULL, NULL);
INSERT INTO public."appFaculty_faculty" VALUES (7, '2026-05-07 19:44:00+05:30', 'sanjay@gmail.com', 'Dr. Sanjay Kumar', '111010', 'HOD - IT', 'opt1_IT_Only', NULL, NULL, NULL, NULL, NULL, NULL);
INSERT INTO public."appFaculty_faculty" VALUES (8, '2026-05-07 19:44:00+05:30', 'harsh@gmail.com', 'Dr. Kumar Harsh', '222010', 'HOD - Management', 'opt2_Manag_Only', NULL, NULL, NULL, NULL, NULL, NULL);
INSERT INTO public."appFaculty_faculty" VALUES (9, '2026-05-07 19:45:00+05:30', 'mritunjay@gmail.com', 'Asst. Prof Mritunjay Prasad', '222008', 'Assistant Professor', 'opt2_Manag_Only', NULL, NULL, NULL, NULL, NULL, NULL);
INSERT INTO public."appFaculty_faculty" VALUES (10, '2026-05-07 19:47:00+05:30', 'uma@gmail.com', 'Prof. Uma Kumari Singh', '222012', 'Assistant Professor', 'opt3_Both_roles', NULL, NULL, NULL, NULL, NULL, NULL);
INSERT INTO public."appFaculty_faculty" VALUES (11, '2026-05-07 19:47:00+05:30', 'dinesh@gmail.com', 'Dr. Dinesh Singh', '222021', 'Professor', 'opt2_Manag_Only', NULL, NULL, NULL, NULL, NULL, NULL);


--
-- TOC entry 5215 (class 0 OID 16953)
-- Dependencies: 249
-- Data for Name: appFaculty_facultyassignedsubject; Type: TABLE DATA; Schema: public; Owner: admin_erp_db
--

INSERT INTO public."appFaculty_facultyassignedsubject" VALUES (1, 'DSA C++', 'MCAS1', 'sem1', '2024-2026', '2026-05-08 18:00:30.213941+05:30', '1212');
INSERT INTO public."appFaculty_facultyassignedsubject" VALUES (2, 'TOC,CD', 'MCAS2', 'Semester 2', '2024-2026', '2026-05-08 18:03:27.311529+05:30', '111001');
INSERT INTO public."appFaculty_facultyassignedsubject" VALUES (3, 'DBMS', 'MCAS2', '2nd', '2024-2026', '2026-05-08 18:04:16.140917+05:30', '111002');
INSERT INTO public."appFaculty_facultyassignedsubject" VALUES (4, 'Java & Advanced Java', 'MCAS2', '2nd', '2024-2026', '2026-05-08 18:08:58.257389+05:30', '1212');
INSERT INTO public."appFaculty_facultyassignedsubject" VALUES (5, 'HRM', 'MBAS3', '3rd', '2024-2026', '2026-05-09 06:27:43.565995+05:30', '222012');


--
-- TOC entry 5205 (class 0 OID 16843)
-- Dependencies: 239
-- Data for Name: appMainsite_mainsiteenquiryform; Type: TABLE DATA; Schema: public; Owner: admin_erp_db
--

INSERT INTO public."appMainsite_mainsiteenquiryform" VALUES (1, 'Aayush Sahay', '+91123456789', 'Patna,Bihar', 'MCA', '2026-05-10 07:53:40.451872+05:30');
INSERT INTO public."appMainsite_mainsiteenquiryform" VALUES (2, 'Mr. A', '12345', 'Katihar, Bihar', 'BCA', '2026-05-10 08:12:54.871973+05:30');
INSERT INTO public."appMainsite_mainsiteenquiryform" VALUES (3, 'Mr. B', '23456', 'Samastipur,Bihar', 'MCA', '2026-05-10 08:13:17.953282+05:30');
INSERT INTO public."appMainsite_mainsiteenquiryform" VALUES (4, 'Mrs. C', '22334', 'Patna,Bihar', 'B.Tech', '2026-05-10 08:13:44.177123+05:30');
INSERT INTO public."appMainsite_mainsiteenquiryform" VALUES (5, 'Mr. X', '123123', 'Patna,Bihar', 'MCA', '2026-05-10 15:44:00.19165+05:30');


--
-- TOC entry 5209 (class 0 OID 16876)
-- Dependencies: 243
-- Data for Name: appStudent_activitylogs; Type: TABLE DATA; Schema: public; Owner: admin_erp_db
--

INSERT INTO public."appStudent_activitylogs" VALUES (46, 'Login', '2026-05-12 17:28:44.1723+05:30', 1);
INSERT INTO public."appStudent_activitylogs" VALUES (47, 'Login', '2026-05-12 17:30:07.700467+05:30', 1);
INSERT INTO public."appStudent_activitylogs" VALUES (48, 'Logout', '2026-05-12 17:31:51.528905+05:30', 1);
INSERT INTO public."appStudent_activitylogs" VALUES (49, 'Login', '2026-05-13 09:24:10.198613+05:30', 1);
INSERT INTO public."appStudent_activitylogs" VALUES (50, 'Login', '2026-05-13 09:24:19.305514+05:30', 1);
INSERT INTO public."appStudent_activitylogs" VALUES (51, 'Logout', '2026-05-13 09:24:35.425666+05:30', 1);
INSERT INTO public."appStudent_activitylogs" VALUES (52, 'Login', '2026-05-13 17:15:39.777185+05:30', 4);
INSERT INTO public."appStudent_activitylogs" VALUES (53, 'Logout', '2026-05-13 17:15:54.469262+05:30', 4);


--
-- TOC entry 5207 (class 0 OID 16854)
-- Dependencies: 241
-- Data for Name: appStudent_student; Type: TABLE DATA; Schema: public; Owner: admin_erp_db
--

INSERT INTO public."appStudent_student" VALUES (1, 'student1', 'stu001', 'MCA', '2024-2026', 'students/1234.jpg', '2026-05-12 17:27:43.426371+05:30', 'student1@erp.com');
INSERT INTO public."appStudent_student" VALUES (2, 'student2', 'stu002', 'MCA', '2024-2026', 'students/1234.jpg', '2026-05-12 18:26:22.876656+05:30', 'student2@erp.com');
INSERT INTO public."appStudent_student" VALUES (3, 'student3', 'stu003', 'PGDM', '2024-2026', 'students/1234.jpg', '2026-05-12 20:38:45.006972+05:30', 'student3@erp.com');
INSERT INTO public."appStudent_student" VALUES (4, 'student4', 'stu4', NULL, NULL, 'students/1234.jpg', '2026-05-13 17:10:58.186165+05:30', 'student4@erp.com');
INSERT INTO public."appStudent_student" VALUES (5, 'student5', 'stu5', NULL, NULL, 'students/1234.jpg', '2026-05-13 17:10:58.186165+05:30', 'student5@erp.com');
INSERT INTO public."appStudent_student" VALUES (6, 'student6', 'stu6', NULL, NULL, 'students/1234.jpg', '2026-05-13 17:10:58.186165+05:30', 'student6@erp.com');
INSERT INTO public."appStudent_student" VALUES (7, 'student7', 'stu7', NULL, NULL, 'students/1234.jpg', '2026-05-13 17:10:58.186165+05:30', 'student7@erp.com');
INSERT INTO public."appStudent_student" VALUES (8, 'student8', 'stu8', NULL, NULL, 'students/1234.jpg', '2026-05-13 17:10:58.186165+05:30', 'student8@erp.com');
INSERT INTO public."appStudent_student" VALUES (9, 'student9', 'stu9', NULL, NULL, 'students/1234.jpg', '2026-05-13 17:10:58.186165+05:30', 'student9@erp.com');
INSERT INTO public."appStudent_student" VALUES (10, 'student10', 'stu10', NULL, NULL, 'students/1234.jpg', '2026-05-13 17:10:58.186165+05:30', 'student10@erp.com');
INSERT INTO public."appStudent_student" VALUES (11, 'student11', 'stu11', NULL, NULL, 'students/1234.jpg', '2026-05-13 17:10:58.186165+05:30', 'student11@erp.com');
INSERT INTO public."appStudent_student" VALUES (12, 'student12', 'stu12', NULL, NULL, 'students/1234.jpg', '2026-05-13 17:10:58.186165+05:30', 'student12@erp.com');
INSERT INTO public."appStudent_student" VALUES (13, 'student13', 'stu13', NULL, NULL, 'students/1234.jpg', '2026-05-13 17:10:58.186165+05:30', 'student13@erp.com');
INSERT INTO public."appStudent_student" VALUES (14, 'student14', 'stu14', NULL, NULL, 'students/1234.jpg', '2026-05-13 17:10:58.186165+05:30', 'student14@erp.com');
INSERT INTO public."appStudent_student" VALUES (15, 'student15', 'stu15', NULL, NULL, 'students/1234.jpg', '2026-05-13 17:10:58.186165+05:30', 'student15@erp.com');
INSERT INTO public."appStudent_student" VALUES (16, 'student16', 'stu16', NULL, NULL, 'students/1234.jpg', '2026-05-13 17:10:58.186165+05:30', 'student16@erp.com');
INSERT INTO public."appStudent_student" VALUES (17, 'student17', 'stu17', NULL, NULL, 'students/1234.jpg', '2026-05-13 17:10:58.186165+05:30', 'student17@erp.com');
INSERT INTO public."appStudent_student" VALUES (18, 'student18', 'stu18', NULL, NULL, 'students/1234.jpg', '2026-05-13 17:10:58.186165+05:30', 'student18@erp.com');
INSERT INTO public."appStudent_student" VALUES (19, 'student19', 'stu19', NULL, NULL, 'students/1234.jpg', '2026-05-13 17:10:58.186165+05:30', 'student19@erp.com');
INSERT INTO public."appStudent_student" VALUES (20, 'student20', 'stu20', NULL, NULL, 'students/1234.jpg', '2026-05-13 17:10:58.186165+05:30', 'student20@erp.com');
INSERT INTO public."appStudent_student" VALUES (21, 'student21', 'stu21', NULL, NULL, 'students/1234.jpg', '2026-05-13 17:10:58.186165+05:30', 'student21@erp.com');
INSERT INTO public."appStudent_student" VALUES (22, 'student22', 'stu22', NULL, NULL, 'students/1234.jpg', '2026-05-13 17:10:58.186165+05:30', 'student22@erp.com');
INSERT INTO public."appStudent_student" VALUES (23, 'student23', 'stu23', NULL, NULL, 'students/1234.jpg', '2026-05-13 17:10:58.186165+05:30', 'student23@erp.com');
INSERT INTO public."appStudent_student" VALUES (24, 'student24', 'stu24', NULL, NULL, 'students/1234.jpg', '2026-05-13 17:10:58.186165+05:30', 'student24@erp.com');
INSERT INTO public."appStudent_student" VALUES (25, 'student25', 'stu25', NULL, NULL, 'students/1234.jpg', '2026-05-13 17:10:58.186165+05:30', 'student25@erp.com');
INSERT INTO public."appStudent_student" VALUES (26, 'student26', 'stu26', NULL, NULL, 'students/1234.jpg', '2026-05-13 17:10:58.186165+05:30', 'student26@erp.com');
INSERT INTO public."appStudent_student" VALUES (27, 'student27', 'stu27', NULL, NULL, 'students/1234.jpg', '2026-05-13 17:10:58.186165+05:30', 'student27@erp.com');
INSERT INTO public."appStudent_student" VALUES (28, 'student28', 'stu28', NULL, NULL, 'students/1234.jpg', '2026-05-13 17:10:58.186165+05:30', 'student28@erp.com');
INSERT INTO public."appStudent_student" VALUES (29, 'student29', 'stu29', NULL, NULL, 'students/1234.jpg', '2026-05-13 17:10:58.186165+05:30', 'student29@erp.com');
INSERT INTO public."appStudent_student" VALUES (30, 'student30', 'stu30', NULL, NULL, 'students/1234.jpg', '2026-05-13 17:10:58.186165+05:30', 'student30@erp.com');
INSERT INTO public."appStudent_student" VALUES (31, 'student31', 'stu31', NULL, NULL, 'students/1234.jpg', '2026-05-13 17:10:58.186165+05:30', 'student31@erp.com');
INSERT INTO public."appStudent_student" VALUES (32, 'student32', 'stu32', NULL, NULL, 'students/1234.jpg', '2026-05-13 17:10:58.186165+05:30', 'student32@erp.com');
INSERT INTO public."appStudent_student" VALUES (33, 'student33', 'stu33', NULL, NULL, 'students/1234.jpg', '2026-05-13 17:10:58.186165+05:30', 'student33@erp.com');
INSERT INTO public."appStudent_student" VALUES (34, 'student34', 'stu34', NULL, NULL, 'students/1234.jpg', '2026-05-13 17:10:58.186165+05:30', 'student34@erp.com');
INSERT INTO public."appStudent_student" VALUES (35, 'student35', 'stu35', NULL, NULL, 'students/1234.jpg', '2026-05-13 17:10:58.186165+05:30', 'student35@erp.com');
INSERT INTO public."appStudent_student" VALUES (36, 'student36', 'stu36', NULL, NULL, 'students/1234.jpg', '2026-05-13 17:10:58.186165+05:30', 'student36@erp.com');
INSERT INTO public."appStudent_student" VALUES (37, 'student37', 'stu37', NULL, NULL, 'students/1234.jpg', '2026-05-13 17:10:58.186165+05:30', 'student37@erp.com');
INSERT INTO public."appStudent_student" VALUES (38, 'student38', 'stu38', NULL, NULL, 'students/1234.jpg', '2026-05-13 17:10:58.186165+05:30', 'student38@erp.com');
INSERT INTO public."appStudent_student" VALUES (39, 'student39', 'stu39', NULL, NULL, 'students/1234.jpg', '2026-05-13 17:10:58.186165+05:30', 'student39@erp.com');
INSERT INTO public."appStudent_student" VALUES (40, 'student40', 'stu40', NULL, NULL, 'students/1234.jpg', '2026-05-13 17:10:58.186165+05:30', 'student40@erp.com');
INSERT INTO public."appStudent_student" VALUES (41, 'student41', 'stu41', NULL, NULL, 'students/1234.jpg', '2026-05-13 17:10:58.186165+05:30', 'student41@erp.com');
INSERT INTO public."appStudent_student" VALUES (42, 'student42', 'stu42', NULL, NULL, 'students/1234.jpg', '2026-05-13 17:10:58.186165+05:30', 'student42@erp.com');
INSERT INTO public."appStudent_student" VALUES (43, 'student43', 'stu43', NULL, NULL, 'students/1234.jpg', '2026-05-13 17:10:58.186165+05:30', 'student43@erp.com');
INSERT INTO public."appStudent_student" VALUES (44, 'student44', 'stu44', NULL, NULL, 'students/1234.jpg', '2026-05-13 17:10:58.186165+05:30', 'student44@erp.com');
INSERT INTO public."appStudent_student" VALUES (45, 'student45', 'stu45', NULL, NULL, 'students/1234.jpg', '2026-05-13 17:10:58.186165+05:30', 'student45@erp.com');
INSERT INTO public."appStudent_student" VALUES (46, 'student46', 'stu46', NULL, NULL, 'students/1234.jpg', '2026-05-13 17:10:58.186165+05:30', 'student46@erp.com');
INSERT INTO public."appStudent_student" VALUES (47, 'student47', 'stu47', NULL, NULL, 'students/1234.jpg', '2026-05-13 17:10:58.186165+05:30', 'student47@erp.com');
INSERT INTO public."appStudent_student" VALUES (48, 'student48', 'stu48', NULL, NULL, 'students/1234.jpg', '2026-05-13 17:10:58.186165+05:30', 'student48@erp.com');
INSERT INTO public."appStudent_student" VALUES (49, 'student49', 'stu49', NULL, NULL, 'students/1234.jpg', '2026-05-13 17:10:58.186165+05:30', 'student49@erp.com');
INSERT INTO public."appStudent_student" VALUES (50, 'student50', 'stu50', NULL, NULL, 'students/1234.jpg', '2026-05-13 17:10:58.186165+05:30', 'student50@erp.com');
INSERT INTO public."appStudent_student" VALUES (51, 'student51', 'stu51', NULL, NULL, 'students/1234.jpg', '2026-05-13 17:10:58.186165+05:30', 'student51@erp.com');
INSERT INTO public."appStudent_student" VALUES (52, 'student52', 'stu52', NULL, NULL, 'students/1234.jpg', '2026-05-13 17:10:58.186165+05:30', 'student52@erp.com');
INSERT INTO public."appStudent_student" VALUES (53, 'student53', 'stu53', NULL, NULL, 'students/1234.jpg', '2026-05-13 17:10:58.186165+05:30', 'student53@erp.com');
INSERT INTO public."appStudent_student" VALUES (54, 'student54', 'stu54', NULL, NULL, 'students/1234.jpg', '2026-05-13 17:10:58.186165+05:30', 'student54@erp.com');
INSERT INTO public."appStudent_student" VALUES (55, 'student55', 'stu55', NULL, NULL, 'students/1234.jpg', '2026-05-13 17:10:58.186165+05:30', 'student55@erp.com');
INSERT INTO public."appStudent_student" VALUES (56, 'student56', 'stu56', NULL, NULL, 'students/1234.jpg', '2026-05-13 17:10:58.186165+05:30', 'student56@erp.com');
INSERT INTO public."appStudent_student" VALUES (57, 'student57', 'stu57', NULL, NULL, 'students/1234.jpg', '2026-05-13 17:10:58.186165+05:30', 'student57@erp.com');
INSERT INTO public."appStudent_student" VALUES (58, 'student58', 'stu58', NULL, NULL, 'students/1234.jpg', '2026-05-13 17:10:58.186165+05:30', 'student58@erp.com');
INSERT INTO public."appStudent_student" VALUES (59, 'student59', 'stu59', NULL, NULL, 'students/1234.jpg', '2026-05-13 17:10:58.186165+05:30', 'student59@erp.com');
INSERT INTO public."appStudent_student" VALUES (60, 'student60', 'stu60', NULL, NULL, 'students/1234.jpg', '2026-05-13 17:10:58.186165+05:30', 'student60@erp.com');
INSERT INTO public."appStudent_student" VALUES (61, 'student61', 'stu61', NULL, NULL, 'students/1234.jpg', '2026-05-13 17:10:58.186165+05:30', 'student61@erp.com');
INSERT INTO public."appStudent_student" VALUES (62, 'student62', 'stu62', NULL, NULL, 'students/1234.jpg', '2026-05-13 17:10:58.186165+05:30', 'student62@erp.com');
INSERT INTO public."appStudent_student" VALUES (63, 'student63', 'stu63', NULL, NULL, 'students/1234.jpg', '2026-05-13 17:10:58.186165+05:30', 'student63@erp.com');
INSERT INTO public."appStudent_student" VALUES (64, 'student64', 'stu64', NULL, NULL, 'students/1234.jpg', '2026-05-13 17:10:58.186165+05:30', 'student64@erp.com');
INSERT INTO public."appStudent_student" VALUES (65, 'student65', 'stu65', NULL, NULL, 'students/1234.jpg', '2026-05-13 17:10:58.186165+05:30', 'student65@erp.com');
INSERT INTO public."appStudent_student" VALUES (66, 'student66', 'stu66', NULL, NULL, 'students/1234.jpg', '2026-05-13 17:10:58.186165+05:30', 'student66@erp.com');
INSERT INTO public."appStudent_student" VALUES (67, 'student67', 'stu67', NULL, NULL, 'students/1234.jpg', '2026-05-13 17:10:58.186165+05:30', 'student67@erp.com');
INSERT INTO public."appStudent_student" VALUES (68, 'student68', 'stu68', NULL, NULL, 'students/1234.jpg', '2026-05-13 17:10:58.186165+05:30', 'student68@erp.com');
INSERT INTO public."appStudent_student" VALUES (69, 'student69', 'stu69', NULL, NULL, 'students/1234.jpg', '2026-05-13 17:10:58.186165+05:30', 'student69@erp.com');
INSERT INTO public."appStudent_student" VALUES (70, 'student70', 'stu70', NULL, NULL, 'students/1234.jpg', '2026-05-13 17:10:58.186165+05:30', 'student70@erp.com');
INSERT INTO public."appStudent_student" VALUES (71, 'student71', 'stu71', NULL, NULL, 'students/1234.jpg', '2026-05-13 17:10:58.186165+05:30', 'student71@erp.com');
INSERT INTO public."appStudent_student" VALUES (72, 'student72', 'stu72', NULL, NULL, 'students/1234.jpg', '2026-05-13 17:10:58.186165+05:30', 'student72@erp.com');
INSERT INTO public."appStudent_student" VALUES (73, 'student73', 'stu73', NULL, NULL, 'students/1234.jpg', '2026-05-13 17:10:58.186165+05:30', 'student73@erp.com');
INSERT INTO public."appStudent_student" VALUES (74, 'student74', 'stu74', NULL, NULL, 'students/1234.jpg', '2026-05-13 17:10:58.186165+05:30', 'student74@erp.com');
INSERT INTO public."appStudent_student" VALUES (75, 'student75', 'stu75', NULL, NULL, 'students/1234.jpg', '2026-05-13 17:10:58.186165+05:30', 'student75@erp.com');
INSERT INTO public."appStudent_student" VALUES (76, 'student76', 'stu76', NULL, NULL, 'students/1234.jpg', '2026-05-13 17:10:58.186165+05:30', 'student76@erp.com');
INSERT INTO public."appStudent_student" VALUES (77, 'student77', 'stu77', NULL, NULL, 'students/1234.jpg', '2026-05-13 17:10:58.186165+05:30', 'student77@erp.com');
INSERT INTO public."appStudent_student" VALUES (78, 'student78', 'stu78', NULL, NULL, 'students/1234.jpg', '2026-05-13 17:10:58.186165+05:30', 'student78@erp.com');
INSERT INTO public."appStudent_student" VALUES (79, 'student79', 'stu79', NULL, NULL, 'students/1234.jpg', '2026-05-13 17:10:58.186165+05:30', 'student79@erp.com');
INSERT INTO public."appStudent_student" VALUES (80, 'student80', 'stu80', NULL, NULL, 'students/1234.jpg', '2026-05-13 17:10:58.186165+05:30', 'student80@erp.com');
INSERT INTO public."appStudent_student" VALUES (81, 'student81', 'stu81', NULL, NULL, 'students/1234.jpg', '2026-05-13 17:10:58.186165+05:30', 'student81@erp.com');
INSERT INTO public."appStudent_student" VALUES (82, 'student82', 'stu82', NULL, NULL, 'students/1234.jpg', '2026-05-13 17:10:58.186165+05:30', 'student82@erp.com');
INSERT INTO public."appStudent_student" VALUES (83, 'student83', 'stu83', NULL, NULL, 'students/1234.jpg', '2026-05-13 17:10:58.186165+05:30', 'student83@erp.com');
INSERT INTO public."appStudent_student" VALUES (84, 'student84', 'stu84', NULL, NULL, 'students/1234.jpg', '2026-05-13 17:10:58.186165+05:30', 'student84@erp.com');
INSERT INTO public."appStudent_student" VALUES (85, 'student85', 'stu85', NULL, NULL, 'students/1234.jpg', '2026-05-13 17:10:58.186165+05:30', 'student85@erp.com');
INSERT INTO public."appStudent_student" VALUES (86, 'student86', 'stu86', NULL, NULL, 'students/1234.jpg', '2026-05-13 17:10:58.186165+05:30', 'student86@erp.com');
INSERT INTO public."appStudent_student" VALUES (87, 'student87', 'stu87', NULL, NULL, 'students/1234.jpg', '2026-05-13 17:10:58.186165+05:30', 'student87@erp.com');
INSERT INTO public."appStudent_student" VALUES (88, 'student88', 'stu88', NULL, NULL, 'students/1234.jpg', '2026-05-13 17:10:58.186165+05:30', 'student88@erp.com');
INSERT INTO public."appStudent_student" VALUES (89, 'student89', 'stu89', NULL, NULL, 'students/1234.jpg', '2026-05-13 17:10:58.186165+05:30', 'student89@erp.com');
INSERT INTO public."appStudent_student" VALUES (90, 'student90', 'stu90', NULL, NULL, 'students/1234.jpg', '2026-05-13 17:10:58.186165+05:30', 'student90@erp.com');
INSERT INTO public."appStudent_student" VALUES (91, 'student91', 'stu91', NULL, NULL, 'students/1234.jpg', '2026-05-13 17:10:58.186165+05:30', 'student91@erp.com');
INSERT INTO public."appStudent_student" VALUES (92, 'student92', 'stu92', NULL, NULL, 'students/1234.jpg', '2026-05-13 17:10:58.186165+05:30', 'student92@erp.com');
INSERT INTO public."appStudent_student" VALUES (93, 'student93', 'stu93', NULL, NULL, 'students/1234.jpg', '2026-05-13 17:10:58.186165+05:30', 'student93@erp.com');
INSERT INTO public."appStudent_student" VALUES (94, 'student94', 'stu94', NULL, NULL, 'students/1234.jpg', '2026-05-13 17:10:58.186165+05:30', 'student94@erp.com');
INSERT INTO public."appStudent_student" VALUES (95, 'student95', 'stu95', NULL, NULL, 'students/1234.jpg', '2026-05-13 17:10:58.186165+05:30', 'student95@erp.com');
INSERT INTO public."appStudent_student" VALUES (96, 'student96', 'stu96', NULL, NULL, 'students/1234.jpg', '2026-05-13 17:10:58.186165+05:30', 'student96@erp.com');
INSERT INTO public."appStudent_student" VALUES (97, 'student97', 'stu97', NULL, NULL, 'students/1234.jpg', '2026-05-13 17:10:58.186165+05:30', 'student97@erp.com');
INSERT INTO public."appStudent_student" VALUES (98, 'student98', 'stu98', NULL, NULL, 'students/1234.jpg', '2026-05-13 17:10:58.186165+05:30', 'student98@erp.com');
INSERT INTO public."appStudent_student" VALUES (99, 'student99', 'stu99', NULL, NULL, 'students/1234.jpg', '2026-05-13 17:10:58.186165+05:30', 'student99@erp.com');
INSERT INTO public."appStudent_student" VALUES (100, 'student100', 'stu100', NULL, NULL, 'students/1234.jpg', '2026-05-13 17:10:58.186165+05:30', 'student100@erp.com');


--
-- TOC entry 5192 (class 0 OID 16682)
-- Dependencies: 226
-- Data for Name: auth_group; Type: TABLE DATA; Schema: public; Owner: admin_erp_db
--



--
-- TOC entry 5194 (class 0 OID 16692)
-- Dependencies: 228
-- Data for Name: auth_group_permissions; Type: TABLE DATA; Schema: public; Owner: admin_erp_db
--



--
-- TOC entry 5190 (class 0 OID 16672)
-- Dependencies: 224
-- Data for Name: auth_permission; Type: TABLE DATA; Schema: public; Owner: admin_erp_db
--

INSERT INTO public.auth_permission VALUES (1, 'Can add log entry', 1, 'add_logentry');
INSERT INTO public.auth_permission VALUES (2, 'Can change log entry', 1, 'change_logentry');
INSERT INTO public.auth_permission VALUES (3, 'Can delete log entry', 1, 'delete_logentry');
INSERT INTO public.auth_permission VALUES (4, 'Can view log entry', 1, 'view_logentry');
INSERT INTO public.auth_permission VALUES (5, 'Can add permission', 3, 'add_permission');
INSERT INTO public.auth_permission VALUES (6, 'Can change permission', 3, 'change_permission');
INSERT INTO public.auth_permission VALUES (7, 'Can delete permission', 3, 'delete_permission');
INSERT INTO public.auth_permission VALUES (8, 'Can view permission', 3, 'view_permission');
INSERT INTO public.auth_permission VALUES (9, 'Can add group', 2, 'add_group');
INSERT INTO public.auth_permission VALUES (10, 'Can change group', 2, 'change_group');
INSERT INTO public.auth_permission VALUES (11, 'Can delete group', 2, 'delete_group');
INSERT INTO public.auth_permission VALUES (12, 'Can view group', 2, 'view_group');
INSERT INTO public.auth_permission VALUES (13, 'Can add user', 4, 'add_user');
INSERT INTO public.auth_permission VALUES (14, 'Can change user', 4, 'change_user');
INSERT INTO public.auth_permission VALUES (15, 'Can delete user', 4, 'delete_user');
INSERT INTO public.auth_permission VALUES (16, 'Can view user', 4, 'view_user');
INSERT INTO public.auth_permission VALUES (17, 'Can add content type', 5, 'add_contenttype');
INSERT INTO public.auth_permission VALUES (18, 'Can change content type', 5, 'change_contenttype');
INSERT INTO public.auth_permission VALUES (19, 'Can delete content type', 5, 'delete_contenttype');
INSERT INTO public.auth_permission VALUES (20, 'Can view content type', 5, 'view_contenttype');
INSERT INTO public.auth_permission VALUES (21, 'Can add session', 6, 'add_session');
INSERT INTO public.auth_permission VALUES (22, 'Can change session', 6, 'change_session');
INSERT INTO public.auth_permission VALUES (23, 'Can delete session', 6, 'delete_session');
INSERT INTO public.auth_permission VALUES (24, 'Can view session', 6, 'view_session');
INSERT INTO public.auth_permission VALUES (25, 'Can add mainsite enquiry form', 7, 'add_mainsiteenquiryform');
INSERT INTO public.auth_permission VALUES (26, 'Can change mainsite enquiry form', 7, 'change_mainsiteenquiryform');
INSERT INTO public.auth_permission VALUES (27, 'Can delete mainsite enquiry form', 7, 'delete_mainsiteenquiryform');
INSERT INTO public.auth_permission VALUES (28, 'Can view mainsite enquiry form', 7, 'view_mainsiteenquiryform');
INSERT INTO public.auth_permission VALUES (29, 'Can add student', 8, 'add_student');
INSERT INTO public.auth_permission VALUES (30, 'Can change student', 8, 'change_student');
INSERT INTO public.auth_permission VALUES (31, 'Can delete student', 8, 'delete_student');
INSERT INTO public.auth_permission VALUES (32, 'Can view student', 8, 'view_student');
INSERT INTO public.auth_permission VALUES (33, 'Can add activity logs', 9, 'add_activitylogs');
INSERT INTO public.auth_permission VALUES (34, 'Can change activity logs', 9, 'change_activitylogs');
INSERT INTO public.auth_permission VALUES (35, 'Can delete activity logs', 9, 'delete_activitylogs');
INSERT INTO public.auth_permission VALUES (36, 'Can view activity logs', 9, 'view_activitylogs');
INSERT INTO public.auth_permission VALUES (37, 'Can add faculty', 10, 'add_faculty');
INSERT INTO public.auth_permission VALUES (38, 'Can change faculty', 10, 'change_faculty');
INSERT INTO public.auth_permission VALUES (39, 'Can delete faculty', 10, 'delete_faculty');
INSERT INTO public.auth_permission VALUES (40, 'Can view faculty', 10, 'view_faculty');
INSERT INTO public.auth_permission VALUES (41, 'Can add activity logs faculty', 11, 'add_activitylogsfaculty');
INSERT INTO public.auth_permission VALUES (42, 'Can change activity logs faculty', 11, 'change_activitylogsfaculty');
INSERT INTO public.auth_permission VALUES (43, 'Can delete activity logs faculty', 11, 'delete_activitylogsfaculty');
INSERT INTO public.auth_permission VALUES (44, 'Can view activity logs faculty', 11, 'view_activitylogsfaculty');
INSERT INTO public.auth_permission VALUES (45, 'Can add faculty assigned subject', 12, 'add_facultyassignedsubject');
INSERT INTO public.auth_permission VALUES (46, 'Can change faculty assigned subject', 12, 'change_facultyassignedsubject');
INSERT INTO public.auth_permission VALUES (47, 'Can delete faculty assigned subject', 12, 'delete_facultyassignedsubject');
INSERT INTO public.auth_permission VALUES (48, 'Can view faculty assigned subject', 12, 'view_facultyassignedsubject');
INSERT INTO public.auth_permission VALUES (49, 'Can add admin roles', 13, 'add_adminroles');
INSERT INTO public.auth_permission VALUES (50, 'Can change admin roles', 13, 'change_adminroles');
INSERT INTO public.auth_permission VALUES (51, 'Can delete admin roles', 13, 'delete_adminroles');
INSERT INTO public.auth_permission VALUES (52, 'Can view admin roles', 13, 'view_adminroles');
INSERT INTO public.auth_permission VALUES (53, 'Can add erp admin', 14, 'add_erpadmin');
INSERT INTO public.auth_permission VALUES (54, 'Can change erp admin', 14, 'change_erpadmin');
INSERT INTO public.auth_permission VALUES (55, 'Can delete erp admin', 14, 'delete_erpadmin');
INSERT INTO public.auth_permission VALUES (56, 'Can view erp admin', 14, 'view_erpadmin');
INSERT INTO public.auth_permission VALUES (57, 'Can add university', 17, 'add_university');
INSERT INTO public.auth_permission VALUES (58, 'Can change university', 17, 'change_university');
INSERT INTO public.auth_permission VALUES (59, 'Can delete university', 17, 'delete_university');
INSERT INTO public.auth_permission VALUES (60, 'Can view university', 17, 'view_university');
INSERT INTO public.auth_permission VALUES (61, 'Can add courses', 15, 'add_courses');
INSERT INTO public.auth_permission VALUES (62, 'Can change courses', 15, 'change_courses');
INSERT INTO public.auth_permission VALUES (63, 'Can delete courses', 15, 'delete_courses');
INSERT INTO public.auth_permission VALUES (64, 'Can view courses', 15, 'view_courses');
INSERT INTO public.auth_permission VALUES (65, 'Can add course sessions', 16, 'add_coursesessions');
INSERT INTO public.auth_permission VALUES (66, 'Can change course sessions', 16, 'change_coursesessions');
INSERT INTO public.auth_permission VALUES (67, 'Can delete course sessions', 16, 'delete_coursesessions');
INSERT INTO public.auth_permission VALUES (68, 'Can view course sessions', 16, 'view_coursesessions');
INSERT INTO public.auth_permission VALUES (69, 'Can add student course enrollment', 18, 'add_studentcourseenrollment');
INSERT INTO public.auth_permission VALUES (70, 'Can change student course enrollment', 18, 'change_studentcourseenrollment');
INSERT INTO public.auth_permission VALUES (71, 'Can delete student course enrollment', 18, 'delete_studentcourseenrollment');
INSERT INTO public.auth_permission VALUES (72, 'Can view student course enrollment', 18, 'view_studentcourseenrollment');
INSERT INTO public.auth_permission VALUES (73, 'Can add student enrollment', 19, 'add_studentenrollment');
INSERT INTO public.auth_permission VALUES (74, 'Can change student enrollment', 19, 'change_studentenrollment');
INSERT INTO public.auth_permission VALUES (75, 'Can delete student enrollment', 19, 'delete_studentenrollment');
INSERT INTO public.auth_permission VALUES (76, 'Can view student enrollment', 19, 'view_studentenrollment');


--
-- TOC entry 5196 (class 0 OID 16701)
-- Dependencies: 230
-- Data for Name: auth_user; Type: TABLE DATA; Schema: public; Owner: admin_erp_db
--



--
-- TOC entry 5198 (class 0 OID 16720)
-- Dependencies: 232
-- Data for Name: auth_user_groups; Type: TABLE DATA; Schema: public; Owner: admin_erp_db
--



--
-- TOC entry 5200 (class 0 OID 16729)
-- Dependencies: 234
-- Data for Name: auth_user_user_permissions; Type: TABLE DATA; Schema: public; Owner: admin_erp_db
--



--
-- TOC entry 5202 (class 0 OID 16790)
-- Dependencies: 236
-- Data for Name: django_admin_log; Type: TABLE DATA; Schema: public; Owner: admin_erp_db
--



--
-- TOC entry 5188 (class 0 OID 16660)
-- Dependencies: 222
-- Data for Name: django_content_type; Type: TABLE DATA; Schema: public; Owner: admin_erp_db
--

INSERT INTO public.django_content_type VALUES (1, 'admin', 'logentry');
INSERT INTO public.django_content_type VALUES (2, 'auth', 'group');
INSERT INTO public.django_content_type VALUES (3, 'auth', 'permission');
INSERT INTO public.django_content_type VALUES (4, 'auth', 'user');
INSERT INTO public.django_content_type VALUES (5, 'contenttypes', 'contenttype');
INSERT INTO public.django_content_type VALUES (6, 'sessions', 'session');
INSERT INTO public.django_content_type VALUES (7, 'appMainsite', 'mainsiteenquiryform');
INSERT INTO public.django_content_type VALUES (8, 'appStudent', 'student');
INSERT INTO public.django_content_type VALUES (9, 'appStudent', 'activitylogs');
INSERT INTO public.django_content_type VALUES (10, 'appFaculty', 'faculty');
INSERT INTO public.django_content_type VALUES (11, 'appFaculty', 'activitylogsfaculty');
INSERT INTO public.django_content_type VALUES (12, 'appFaculty', 'facultyassignedsubject');
INSERT INTO public.django_content_type VALUES (13, 'appErpAdmin', 'adminroles');
INSERT INTO public.django_content_type VALUES (14, 'appErpAdmin', 'erpadmin');
INSERT INTO public.django_content_type VALUES (15, 'appErpAdmin', 'courses');
INSERT INTO public.django_content_type VALUES (16, 'appErpAdmin', 'coursesessions');
INSERT INTO public.django_content_type VALUES (17, 'appErpAdmin', 'university');
INSERT INTO public.django_content_type VALUES (18, 'appStudent', 'studentcourseenrollment');
INSERT INTO public.django_content_type VALUES (19, 'appErpAdmin', 'studentenrollment');


--
-- TOC entry 5186 (class 0 OID 16648)
-- Dependencies: 220
-- Data for Name: django_migrations; Type: TABLE DATA; Schema: public; Owner: admin_erp_db
--

INSERT INTO public.django_migrations VALUES (1, 'contenttypes', '0001_initial', '2026-05-06 18:07:44.454847+05:30');
INSERT INTO public.django_migrations VALUES (2, 'auth', '0001_initial', '2026-05-06 18:07:44.739002+05:30');
INSERT INTO public.django_migrations VALUES (3, 'admin', '0001_initial', '2026-05-06 18:07:44.844252+05:30');
INSERT INTO public.django_migrations VALUES (4, 'admin', '0002_logentry_remove_auto_add', '2026-05-06 18:07:44.878014+05:30');
INSERT INTO public.django_migrations VALUES (5, 'admin', '0003_logentry_add_action_flag_choices', '2026-05-06 18:07:44.939935+05:30');
INSERT INTO public.django_migrations VALUES (6, 'contenttypes', '0002_remove_content_type_name', '2026-05-06 18:07:45.026261+05:30');
INSERT INTO public.django_migrations VALUES (7, 'auth', '0002_alter_permission_name_max_length', '2026-05-06 18:07:45.057101+05:30');
INSERT INTO public.django_migrations VALUES (8, 'auth', '0003_alter_user_email_max_length', '2026-05-06 18:07:45.114541+05:30');
INSERT INTO public.django_migrations VALUES (9, 'auth', '0004_alter_user_username_opts', '2026-05-06 18:07:45.14147+05:30');
INSERT INTO public.django_migrations VALUES (10, 'auth', '0005_alter_user_last_login_null', '2026-05-06 18:07:45.186448+05:30');
INSERT INTO public.django_migrations VALUES (11, 'auth', '0006_require_contenttypes_0002', '2026-05-06 18:07:45.193333+05:30');
INSERT INTO public.django_migrations VALUES (12, 'auth', '0007_alter_validators_add_error_messages', '2026-05-06 18:07:45.256661+05:30');
INSERT INTO public.django_migrations VALUES (13, 'auth', '0008_alter_user_username_max_length', '2026-05-06 18:07:45.326926+05:30');
INSERT INTO public.django_migrations VALUES (14, 'auth', '0009_alter_user_last_name_max_length', '2026-05-06 18:07:45.378136+05:30');
INSERT INTO public.django_migrations VALUES (15, 'auth', '0010_alter_group_name_max_length', '2026-05-06 18:07:45.442507+05:30');
INSERT INTO public.django_migrations VALUES (16, 'auth', '0011_update_proxy_permissions', '2026-05-06 18:07:45.483419+05:30');
INSERT INTO public.django_migrations VALUES (17, 'auth', '0012_alter_user_first_name_max_length', '2026-05-06 18:07:45.53837+05:30');
INSERT INTO public.django_migrations VALUES (18, 'sessions', '0001_initial', '2026-05-06 18:07:45.594467+05:30');
INSERT INTO public.django_migrations VALUES (19, 'appMainsite', '0001_initial', '2026-05-06 18:18:56.9364+05:30');
INSERT INTO public.django_migrations VALUES (20, 'appStudent', '0001_initial', '2026-05-07 10:27:07.272388+05:30');
INSERT INTO public.django_migrations VALUES (21, 'appStudent', '0002_student_date_created_student_email', '2026-05-07 10:42:13.364616+05:30');
INSERT INTO public.django_migrations VALUES (22, 'appStudent', '0003_activitylogs', '2026-05-07 11:05:25.977494+05:30');
INSERT INTO public.django_migrations VALUES (24, 'appFaculty', '0001_initial', '2026-05-07 13:35:39.893275+05:30');
INSERT INTO public.django_migrations VALUES (25, 'appFaculty', '0002_facultyassignedsubject', '2026-05-08 17:36:51.020338+05:30');
INSERT INTO public.django_migrations VALUES (26, 'appErpAdmin', '0001_initial', '2026-05-09 19:51:48.77126+05:30');
INSERT INTO public.django_migrations VALUES (27, 'appErpAdmin', '0002_rename_roles_erpadmin_role', '2026-05-10 07:53:40.44351+05:30');
INSERT INTO public.django_migrations VALUES (28, 'appMainsite', '0002_mainsiteenquiryform_created_at', '2026-05-10 07:53:40.526117+05:30');
INSERT INTO public.django_migrations VALUES (29, 'appErpAdmin', '0003_courses_university_coursesessions', '2026-05-10 10:01:07.145876+05:30');
INSERT INTO public.django_migrations VALUES (30, 'appStudent', '0004_studentcourseenrollment', '2026-05-10 11:04:23.411585+05:30');
INSERT INTO public.django_migrations VALUES (31, 'appStudent', '0005_delete_studentcourseenrollment', '2026-05-11 13:56:16.794904+05:30');
INSERT INTO public.django_migrations VALUES (32, 'appErpAdmin', '0004_studentenrollment', '2026-05-12 17:53:00.586576+05:30');


--
-- TOC entry 5203 (class 0 OID 16830)
-- Dependencies: 237
-- Data for Name: django_session; Type: TABLE DATA; Schema: public; Owner: admin_erp_db
--



--
-- TOC entry 5233 (class 0 OID 0)
-- Dependencies: 250
-- Name: appErpAdmin_adminroles_role_id_seq; Type: SEQUENCE SET; Schema: public; Owner: admin_erp_db
--

SELECT pg_catalog.setval('public."appErpAdmin_adminroles_role_id_seq"', 1, false);


--
-- TOC entry 5234 (class 0 OID 0)
-- Dependencies: 254
-- Name: appErpAdmin_courses_id_seq; Type: SEQUENCE SET; Schema: public; Owner: admin_erp_db
--

SELECT pg_catalog.setval('public."appErpAdmin_courses_id_seq"', 7, true);


--
-- TOC entry 5235 (class 0 OID 0)
-- Dependencies: 258
-- Name: appErpAdmin_coursesessions_id_seq; Type: SEQUENCE SET; Schema: public; Owner: admin_erp_db
--

SELECT pg_catalog.setval('public."appErpAdmin_coursesessions_id_seq"', 7, true);


--
-- TOC entry 5236 (class 0 OID 0)
-- Dependencies: 252
-- Name: appErpAdmin_erpadmin_id_seq; Type: SEQUENCE SET; Schema: public; Owner: admin_erp_db
--

SELECT pg_catalog.setval('public."appErpAdmin_erpadmin_id_seq"', 1, false);


--
-- TOC entry 5237 (class 0 OID 0)
-- Dependencies: 260
-- Name: appErpAdmin_studentenrollment_id_seq; Type: SEQUENCE SET; Schema: public; Owner: admin_erp_db
--

SELECT pg_catalog.setval('public."appErpAdmin_studentenrollment_id_seq"', 15, true);


--
-- TOC entry 5238 (class 0 OID 0)
-- Dependencies: 256
-- Name: appErpAdmin_university_id_seq; Type: SEQUENCE SET; Schema: public; Owner: admin_erp_db
--

SELECT pg_catalog.setval('public."appErpAdmin_university_id_seq"', 2, true);


--
-- TOC entry 5239 (class 0 OID 0)
-- Dependencies: 246
-- Name: appFaculty_activitylogsfaculty_id_seq; Type: SEQUENCE SET; Schema: public; Owner: admin_erp_db
--

SELECT pg_catalog.setval('public."appFaculty_activitylogsfaculty_id_seq"', 49, true);


--
-- TOC entry 5240 (class 0 OID 0)
-- Dependencies: 244
-- Name: appFaculty_faculty_id_seq; Type: SEQUENCE SET; Schema: public; Owner: admin_erp_db
--

SELECT pg_catalog.setval('public."appFaculty_faculty_id_seq"', 2, true);


--
-- TOC entry 5241 (class 0 OID 0)
-- Dependencies: 248
-- Name: appFaculty_facultyassignedsubject_id_seq; Type: SEQUENCE SET; Schema: public; Owner: admin_erp_db
--

SELECT pg_catalog.setval('public."appFaculty_facultyassignedsubject_id_seq"', 5, true);


--
-- TOC entry 5242 (class 0 OID 0)
-- Dependencies: 238
-- Name: appMainsite_mainsiteenquiryform_id_seq; Type: SEQUENCE SET; Schema: public; Owner: admin_erp_db
--

SELECT pg_catalog.setval('public."appMainsite_mainsiteenquiryform_id_seq"', 5, true);


--
-- TOC entry 5243 (class 0 OID 0)
-- Dependencies: 242
-- Name: appStudent_activitylogs_id_seq; Type: SEQUENCE SET; Schema: public; Owner: admin_erp_db
--

SELECT pg_catalog.setval('public."appStudent_activitylogs_id_seq"', 53, true);


--
-- TOC entry 5244 (class 0 OID 0)
-- Dependencies: 240
-- Name: appStudent_student_id_seq; Type: SEQUENCE SET; Schema: public; Owner: admin_erp_db
--

SELECT pg_catalog.setval('public."appStudent_student_id_seq"', 1, false);


--
-- TOC entry 5245 (class 0 OID 0)
-- Dependencies: 225
-- Name: auth_group_id_seq; Type: SEQUENCE SET; Schema: public; Owner: admin_erp_db
--

SELECT pg_catalog.setval('public.auth_group_id_seq', 1, false);


--
-- TOC entry 5246 (class 0 OID 0)
-- Dependencies: 227
-- Name: auth_group_permissions_id_seq; Type: SEQUENCE SET; Schema: public; Owner: admin_erp_db
--

SELECT pg_catalog.setval('public.auth_group_permissions_id_seq', 1, false);


--
-- TOC entry 5247 (class 0 OID 0)
-- Dependencies: 223
-- Name: auth_permission_id_seq; Type: SEQUENCE SET; Schema: public; Owner: admin_erp_db
--

SELECT pg_catalog.setval('public.auth_permission_id_seq', 76, true);


--
-- TOC entry 5248 (class 0 OID 0)
-- Dependencies: 231
-- Name: auth_user_groups_id_seq; Type: SEQUENCE SET; Schema: public; Owner: admin_erp_db
--

SELECT pg_catalog.setval('public.auth_user_groups_id_seq', 1, false);


--
-- TOC entry 5249 (class 0 OID 0)
-- Dependencies: 229
-- Name: auth_user_id_seq; Type: SEQUENCE SET; Schema: public; Owner: admin_erp_db
--

SELECT pg_catalog.setval('public.auth_user_id_seq', 1, false);


--
-- TOC entry 5250 (class 0 OID 0)
-- Dependencies: 233
-- Name: auth_user_user_permissions_id_seq; Type: SEQUENCE SET; Schema: public; Owner: admin_erp_db
--

SELECT pg_catalog.setval('public.auth_user_user_permissions_id_seq', 1, false);


--
-- TOC entry 5251 (class 0 OID 0)
-- Dependencies: 235
-- Name: django_admin_log_id_seq; Type: SEQUENCE SET; Schema: public; Owner: admin_erp_db
--

SELECT pg_catalog.setval('public.django_admin_log_id_seq', 1, false);


--
-- TOC entry 5252 (class 0 OID 0)
-- Dependencies: 221
-- Name: django_content_type_id_seq; Type: SEQUENCE SET; Schema: public; Owner: admin_erp_db
--

SELECT pg_catalog.setval('public.django_content_type_id_seq', 19, true);


--
-- TOC entry 5253 (class 0 OID 0)
-- Dependencies: 219
-- Name: django_migrations_id_seq; Type: SEQUENCE SET; Schema: public; Owner: admin_erp_db
--

SELECT pg_catalog.setval('public.django_migrations_id_seq', 32, true);


--
-- TOC entry 4990 (class 2606 OID 25151)
-- Name: appErpAdmin_adminroles appErpAdmin_adminroles_pkey; Type: CONSTRAINT; Schema: public; Owner: admin_erp_db
--

ALTER TABLE ONLY public."appErpAdmin_adminroles"
    ADD CONSTRAINT "appErpAdmin_adminroles_pkey" PRIMARY KEY (role_id);


--
-- TOC entry 4993 (class 2606 OID 25153)
-- Name: appErpAdmin_adminroles appErpAdmin_adminroles_role_key; Type: CONSTRAINT; Schema: public; Owner: admin_erp_db
--

ALTER TABLE ONLY public."appErpAdmin_adminroles"
    ADD CONSTRAINT "appErpAdmin_adminroles_role_key" UNIQUE (role);


--
-- TOC entry 5002 (class 2606 OID 25188)
-- Name: appErpAdmin_courses appErpAdmin_courses_course_name_key; Type: CONSTRAINT; Schema: public; Owner: admin_erp_db
--

ALTER TABLE ONLY public."appErpAdmin_courses"
    ADD CONSTRAINT "appErpAdmin_courses_course_name_key" UNIQUE (course_name);


--
-- TOC entry 5004 (class 2606 OID 25186)
-- Name: appErpAdmin_courses appErpAdmin_courses_pkey; Type: CONSTRAINT; Schema: public; Owner: admin_erp_db
--

ALTER TABLE ONLY public."appErpAdmin_courses"
    ADD CONSTRAINT "appErpAdmin_courses_pkey" PRIMARY KEY (id);


--
-- TOC entry 5012 (class 2606 OID 25212)
-- Name: appErpAdmin_coursesessions appErpAdmin_coursesessions_complete_name_key; Type: CONSTRAINT; Schema: public; Owner: admin_erp_db
--

ALTER TABLE ONLY public."appErpAdmin_coursesessions"
    ADD CONSTRAINT "appErpAdmin_coursesessions_complete_name_key" UNIQUE (complete_name);


--
-- TOC entry 5015 (class 2606 OID 25210)
-- Name: appErpAdmin_coursesessions appErpAdmin_coursesessions_pkey; Type: CONSTRAINT; Schema: public; Owner: admin_erp_db
--

ALTER TABLE ONLY public."appErpAdmin_coursesessions"
    ADD CONSTRAINT "appErpAdmin_coursesessions_pkey" PRIMARY KEY (id);


--
-- TOC entry 4996 (class 2606 OID 25168)
-- Name: appErpAdmin_erpadmin appErpAdmin_erpadmin_email_key; Type: CONSTRAINT; Schema: public; Owner: admin_erp_db
--

ALTER TABLE ONLY public."appErpAdmin_erpadmin"
    ADD CONSTRAINT "appErpAdmin_erpadmin_email_key" UNIQUE (email);


--
-- TOC entry 4998 (class 2606 OID 25166)
-- Name: appErpAdmin_erpadmin appErpAdmin_erpadmin_pkey; Type: CONSTRAINT; Schema: public; Owner: admin_erp_db
--

ALTER TABLE ONLY public."appErpAdmin_erpadmin"
    ADD CONSTRAINT "appErpAdmin_erpadmin_pkey" PRIMARY KEY (id);


--
-- TOC entry 5019 (class 2606 OID 25533)
-- Name: appErpAdmin_studentenrollment appErpAdmin_studentenrollment_pkey; Type: CONSTRAINT; Schema: public; Owner: admin_erp_db
--

ALTER TABLE ONLY public."appErpAdmin_studentenrollment"
    ADD CONSTRAINT "appErpAdmin_studentenrollment_pkey" PRIMARY KEY (id);


--
-- TOC entry 5006 (class 2606 OID 25196)
-- Name: appErpAdmin_university appErpAdmin_university_pkey; Type: CONSTRAINT; Schema: public; Owner: admin_erp_db
--

ALTER TABLE ONLY public."appErpAdmin_university"
    ADD CONSTRAINT "appErpAdmin_university_pkey" PRIMARY KEY (id);


--
-- TOC entry 5009 (class 2606 OID 25198)
-- Name: appErpAdmin_university appErpAdmin_university_university_name_key; Type: CONSTRAINT; Schema: public; Owner: admin_erp_db
--

ALTER TABLE ONLY public."appErpAdmin_university"
    ADD CONSTRAINT "appErpAdmin_university_university_name_key" UNIQUE (university_name);


--
-- TOC entry 4984 (class 2606 OID 16937)
-- Name: appFaculty_activitylogsfaculty appFaculty_activitylogsfaculty_pkey; Type: CONSTRAINT; Schema: public; Owner: admin_erp_db
--

ALTER TABLE ONLY public."appFaculty_activitylogsfaculty"
    ADD CONSTRAINT "appFaculty_activitylogsfaculty_pkey" PRIMARY KEY (id);


--
-- TOC entry 4976 (class 2606 OID 16925)
-- Name: appFaculty_faculty appFaculty_faculty_faculty_email_key; Type: CONSTRAINT; Schema: public; Owner: admin_erp_db
--

ALTER TABLE ONLY public."appFaculty_faculty"
    ADD CONSTRAINT "appFaculty_faculty_faculty_email_key" UNIQUE (faculty_email);


--
-- TOC entry 4979 (class 2606 OID 16949)
-- Name: appFaculty_faculty appFaculty_faculty_faculty_id_key; Type: CONSTRAINT; Schema: public; Owner: admin_erp_db
--

ALTER TABLE ONLY public."appFaculty_faculty"
    ADD CONSTRAINT "appFaculty_faculty_faculty_id_key" UNIQUE (faculty_id);


--
-- TOC entry 4981 (class 2606 OID 16923)
-- Name: appFaculty_faculty appFaculty_faculty_pkey; Type: CONSTRAINT; Schema: public; Owner: admin_erp_db
--

ALTER TABLE ONLY public."appFaculty_faculty"
    ADD CONSTRAINT "appFaculty_faculty_pkey" PRIMARY KEY (id);


--
-- TOC entry 4988 (class 2606 OID 16964)
-- Name: appFaculty_facultyassignedsubject appFaculty_facultyassignedsubject_pkey; Type: CONSTRAINT; Schema: public; Owner: admin_erp_db
--

ALTER TABLE ONLY public."appFaculty_facultyassignedsubject"
    ADD CONSTRAINT "appFaculty_facultyassignedsubject_pkey" PRIMARY KEY (id);


--
-- TOC entry 4962 (class 2606 OID 16852)
-- Name: appMainsite_mainsiteenquiryform appMainsite_mainsiteenquiryform_pkey; Type: CONSTRAINT; Schema: public; Owner: admin_erp_db
--

ALTER TABLE ONLY public."appMainsite_mainsiteenquiryform"
    ADD CONSTRAINT "appMainsite_mainsiteenquiryform_pkey" PRIMARY KEY (id);


--
-- TOC entry 4972 (class 2606 OID 16884)
-- Name: appStudent_activitylogs appStudent_activitylogs_pkey; Type: CONSTRAINT; Schema: public; Owner: admin_erp_db
--

ALTER TABLE ONLY public."appStudent_activitylogs"
    ADD CONSTRAINT "appStudent_activitylogs_pkey" PRIMARY KEY (id);


--
-- TOC entry 4965 (class 2606 OID 16873)
-- Name: appStudent_student appStudent_student_email_key; Type: CONSTRAINT; Schema: public; Owner: admin_erp_db
--

ALTER TABLE ONLY public."appStudent_student"
    ADD CONSTRAINT "appStudent_student_email_key" UNIQUE (email);


--
-- TOC entry 4967 (class 2606 OID 16864)
-- Name: appStudent_student appStudent_student_pkey; Type: CONSTRAINT; Schema: public; Owner: admin_erp_db
--

ALTER TABLE ONLY public."appStudent_student"
    ADD CONSTRAINT "appStudent_student_pkey" PRIMARY KEY (id);


--
-- TOC entry 4970 (class 2606 OID 16866)
-- Name: appStudent_student appStudent_student_student_id_key; Type: CONSTRAINT; Schema: public; Owner: admin_erp_db
--

ALTER TABLE ONLY public."appStudent_student"
    ADD CONSTRAINT "appStudent_student_student_id_key" UNIQUE (student_id);


--
-- TOC entry 4927 (class 2606 OID 16826)
-- Name: auth_group auth_group_name_key; Type: CONSTRAINT; Schema: public; Owner: admin_erp_db
--

ALTER TABLE ONLY public.auth_group
    ADD CONSTRAINT auth_group_name_key UNIQUE (name);


--
-- TOC entry 4932 (class 2606 OID 16747)
-- Name: auth_group_permissions auth_group_permissions_group_id_permission_id_0cd325b0_uniq; Type: CONSTRAINT; Schema: public; Owner: admin_erp_db
--

ALTER TABLE ONLY public.auth_group_permissions
    ADD CONSTRAINT auth_group_permissions_group_id_permission_id_0cd325b0_uniq UNIQUE (group_id, permission_id);


--
-- TOC entry 4935 (class 2606 OID 16699)
-- Name: auth_group_permissions auth_group_permissions_pkey; Type: CONSTRAINT; Schema: public; Owner: admin_erp_db
--

ALTER TABLE ONLY public.auth_group_permissions
    ADD CONSTRAINT auth_group_permissions_pkey PRIMARY KEY (id);


--
-- TOC entry 4929 (class 2606 OID 16688)
-- Name: auth_group auth_group_pkey; Type: CONSTRAINT; Schema: public; Owner: admin_erp_db
--

ALTER TABLE ONLY public.auth_group
    ADD CONSTRAINT auth_group_pkey PRIMARY KEY (id);


--
-- TOC entry 4922 (class 2606 OID 16738)
-- Name: auth_permission auth_permission_content_type_id_codename_01ab375a_uniq; Type: CONSTRAINT; Schema: public; Owner: admin_erp_db
--

ALTER TABLE ONLY public.auth_permission
    ADD CONSTRAINT auth_permission_content_type_id_codename_01ab375a_uniq UNIQUE (content_type_id, codename);


--
-- TOC entry 4924 (class 2606 OID 16680)
-- Name: auth_permission auth_permission_pkey; Type: CONSTRAINT; Schema: public; Owner: admin_erp_db
--

ALTER TABLE ONLY public.auth_permission
    ADD CONSTRAINT auth_permission_pkey PRIMARY KEY (id);


--
-- TOC entry 4943 (class 2606 OID 16727)
-- Name: auth_user_groups auth_user_groups_pkey; Type: CONSTRAINT; Schema: public; Owner: admin_erp_db
--

ALTER TABLE ONLY public.auth_user_groups
    ADD CONSTRAINT auth_user_groups_pkey PRIMARY KEY (id);


--
-- TOC entry 4946 (class 2606 OID 16762)
-- Name: auth_user_groups auth_user_groups_user_id_group_id_94350c0c_uniq; Type: CONSTRAINT; Schema: public; Owner: admin_erp_db
--

ALTER TABLE ONLY public.auth_user_groups
    ADD CONSTRAINT auth_user_groups_user_id_group_id_94350c0c_uniq UNIQUE (user_id, group_id);


--
-- TOC entry 4937 (class 2606 OID 16716)
-- Name: auth_user auth_user_pkey; Type: CONSTRAINT; Schema: public; Owner: admin_erp_db
--

ALTER TABLE ONLY public.auth_user
    ADD CONSTRAINT auth_user_pkey PRIMARY KEY (id);


--
-- TOC entry 4949 (class 2606 OID 16736)
-- Name: auth_user_user_permissions auth_user_user_permissions_pkey; Type: CONSTRAINT; Schema: public; Owner: admin_erp_db
--

ALTER TABLE ONLY public.auth_user_user_permissions
    ADD CONSTRAINT auth_user_user_permissions_pkey PRIMARY KEY (id);


--
-- TOC entry 4952 (class 2606 OID 16776)
-- Name: auth_user_user_permissions auth_user_user_permissions_user_id_permission_id_14a6b632_uniq; Type: CONSTRAINT; Schema: public; Owner: admin_erp_db
--

ALTER TABLE ONLY public.auth_user_user_permissions
    ADD CONSTRAINT auth_user_user_permissions_user_id_permission_id_14a6b632_uniq UNIQUE (user_id, permission_id);


--
-- TOC entry 4940 (class 2606 OID 16819)
-- Name: auth_user auth_user_username_key; Type: CONSTRAINT; Schema: public; Owner: admin_erp_db
--

ALTER TABLE ONLY public.auth_user
    ADD CONSTRAINT auth_user_username_key UNIQUE (username);


--
-- TOC entry 4955 (class 2606 OID 16803)
-- Name: django_admin_log django_admin_log_pkey; Type: CONSTRAINT; Schema: public; Owner: admin_erp_db
--

ALTER TABLE ONLY public.django_admin_log
    ADD CONSTRAINT django_admin_log_pkey PRIMARY KEY (id);


--
-- TOC entry 4917 (class 2606 OID 16670)
-- Name: django_content_type django_content_type_app_label_model_76bd3d3b_uniq; Type: CONSTRAINT; Schema: public; Owner: admin_erp_db
--

ALTER TABLE ONLY public.django_content_type
    ADD CONSTRAINT django_content_type_app_label_model_76bd3d3b_uniq UNIQUE (app_label, model);


--
-- TOC entry 4919 (class 2606 OID 16668)
-- Name: django_content_type django_content_type_pkey; Type: CONSTRAINT; Schema: public; Owner: admin_erp_db
--

ALTER TABLE ONLY public.django_content_type
    ADD CONSTRAINT django_content_type_pkey PRIMARY KEY (id);


--
-- TOC entry 4915 (class 2606 OID 16658)
-- Name: django_migrations django_migrations_pkey; Type: CONSTRAINT; Schema: public; Owner: admin_erp_db
--

ALTER TABLE ONLY public.django_migrations
    ADD CONSTRAINT django_migrations_pkey PRIMARY KEY (id);


--
-- TOC entry 4959 (class 2606 OID 16839)
-- Name: django_session django_session_pkey; Type: CONSTRAINT; Schema: public; Owner: admin_erp_db
--

ALTER TABLE ONLY public.django_session
    ADD CONSTRAINT django_session_pkey PRIMARY KEY (session_key);


--
-- TOC entry 4991 (class 1259 OID 25169)
-- Name: appErpAdmin_adminroles_role_76052f84_like; Type: INDEX; Schema: public; Owner: admin_erp_db
--

CREATE INDEX "appErpAdmin_adminroles_role_76052f84_like" ON public."appErpAdmin_adminroles" USING btree (role varchar_pattern_ops);


--
-- TOC entry 5000 (class 1259 OID 25213)
-- Name: appErpAdmin_courses_course_name_247ccfa6_like; Type: INDEX; Schema: public; Owner: admin_erp_db
--

CREATE INDEX "appErpAdmin_courses_course_name_247ccfa6_like" ON public."appErpAdmin_courses" USING btree (course_name varchar_pattern_ops);


--
-- TOC entry 5010 (class 1259 OID 25225)
-- Name: appErpAdmin_coursesessions_complete_name_20d00fc1_like; Type: INDEX; Schema: public; Owner: admin_erp_db
--

CREATE INDEX "appErpAdmin_coursesessions_complete_name_20d00fc1_like" ON public."appErpAdmin_coursesessions" USING btree (complete_name varchar_pattern_ops);


--
-- TOC entry 5013 (class 1259 OID 25226)
-- Name: appErpAdmin_coursesessions_course_id_58587d2d; Type: INDEX; Schema: public; Owner: admin_erp_db
--

CREATE INDEX "appErpAdmin_coursesessions_course_id_58587d2d" ON public."appErpAdmin_coursesessions" USING btree (course_id);


--
-- TOC entry 5016 (class 1259 OID 25227)
-- Name: appErpAdmin_coursesessions_university_id_058b7bbb; Type: INDEX; Schema: public; Owner: admin_erp_db
--

CREATE INDEX "appErpAdmin_coursesessions_university_id_058b7bbb" ON public."appErpAdmin_coursesessions" USING btree (university_id);


--
-- TOC entry 4994 (class 1259 OID 25175)
-- Name: appErpAdmin_erpadmin_email_451ee514_like; Type: INDEX; Schema: public; Owner: admin_erp_db
--

CREATE INDEX "appErpAdmin_erpadmin_email_451ee514_like" ON public."appErpAdmin_erpadmin" USING btree (email varchar_pattern_ops);


--
-- TOC entry 4999 (class 1259 OID 25176)
-- Name: appErpAdmin_erpadmin_role_id_29f17867; Type: INDEX; Schema: public; Owner: admin_erp_db
--

CREATE INDEX "appErpAdmin_erpadmin_role_id_29f17867" ON public."appErpAdmin_erpadmin" USING btree (role_id);


--
-- TOC entry 5017 (class 1259 OID 25544)
-- Name: appErpAdmin_studentenrollment_course_id_64a64c51; Type: INDEX; Schema: public; Owner: admin_erp_db
--

CREATE INDEX "appErpAdmin_studentenrollment_course_id_64a64c51" ON public."appErpAdmin_studentenrollment" USING btree (course_id);


--
-- TOC entry 5020 (class 1259 OID 25545)
-- Name: appErpAdmin_studentenrollment_student_id_42988c01; Type: INDEX; Schema: public; Owner: admin_erp_db
--

CREATE INDEX "appErpAdmin_studentenrollment_student_id_42988c01" ON public."appErpAdmin_studentenrollment" USING btree (student_id);


--
-- TOC entry 5007 (class 1259 OID 25214)
-- Name: appErpAdmin_university_university_name_946184a2_like; Type: INDEX; Schema: public; Owner: admin_erp_db
--

CREATE INDEX "appErpAdmin_university_university_name_946184a2_like" ON public."appErpAdmin_university" USING btree (university_name varchar_pattern_ops);


--
-- TOC entry 4982 (class 1259 OID 16945)
-- Name: appFaculty_activitylogsfaculty_faculty_id_f87551a2; Type: INDEX; Schema: public; Owner: admin_erp_db
--

CREATE INDEX "appFaculty_activitylogsfaculty_faculty_id_f87551a2" ON public."appFaculty_activitylogsfaculty" USING btree (faculty_id);


--
-- TOC entry 4974 (class 1259 OID 16938)
-- Name: appFaculty_faculty_faculty_email_b1a76e51_like; Type: INDEX; Schema: public; Owner: admin_erp_db
--

CREATE INDEX "appFaculty_faculty_faculty_email_b1a76e51_like" ON public."appFaculty_faculty" USING btree (faculty_email varchar_pattern_ops);


--
-- TOC entry 4977 (class 1259 OID 16950)
-- Name: appFaculty_faculty_faculty_id_848d87f4_like; Type: INDEX; Schema: public; Owner: admin_erp_db
--

CREATE INDEX "appFaculty_faculty_faculty_id_848d87f4_like" ON public."appFaculty_faculty" USING btree (faculty_id varchar_pattern_ops);


--
-- TOC entry 4985 (class 1259 OID 16972)
-- Name: appFaculty_facultyassignedsubject_faculty_id_a1844b6f; Type: INDEX; Schema: public; Owner: admin_erp_db
--

CREATE INDEX "appFaculty_facultyassignedsubject_faculty_id_a1844b6f" ON public."appFaculty_facultyassignedsubject" USING btree (faculty_id);


--
-- TOC entry 4986 (class 1259 OID 16973)
-- Name: appFaculty_facultyassignedsubject_faculty_id_a1844b6f_like; Type: INDEX; Schema: public; Owner: admin_erp_db
--

CREATE INDEX "appFaculty_facultyassignedsubject_faculty_id_a1844b6f_like" ON public."appFaculty_facultyassignedsubject" USING btree (faculty_id varchar_pattern_ops);


--
-- TOC entry 4973 (class 1259 OID 16890)
-- Name: appStudent_activitylogs_student_id_bc33e3cf; Type: INDEX; Schema: public; Owner: admin_erp_db
--

CREATE INDEX "appStudent_activitylogs_student_id_bc33e3cf" ON public."appStudent_activitylogs" USING btree (student_id);


--
-- TOC entry 4963 (class 1259 OID 16874)
-- Name: appStudent_student_email_29a164e5_like; Type: INDEX; Schema: public; Owner: admin_erp_db
--

CREATE INDEX "appStudent_student_email_29a164e5_like" ON public."appStudent_student" USING btree (email varchar_pattern_ops);


--
-- TOC entry 4968 (class 1259 OID 16867)
-- Name: appStudent_student_student_id_d8e5c5e4_like; Type: INDEX; Schema: public; Owner: admin_erp_db
--

CREATE INDEX "appStudent_student_student_id_d8e5c5e4_like" ON public."appStudent_student" USING btree (student_id varchar_pattern_ops);


--
-- TOC entry 4925 (class 1259 OID 16827)
-- Name: auth_group_name_a6ea08ec_like; Type: INDEX; Schema: public; Owner: admin_erp_db
--

CREATE INDEX auth_group_name_a6ea08ec_like ON public.auth_group USING btree (name varchar_pattern_ops);


--
-- TOC entry 4930 (class 1259 OID 16758)
-- Name: auth_group_permissions_group_id_b120cbf9; Type: INDEX; Schema: public; Owner: admin_erp_db
--

CREATE INDEX auth_group_permissions_group_id_b120cbf9 ON public.auth_group_permissions USING btree (group_id);


--
-- TOC entry 4933 (class 1259 OID 16759)
-- Name: auth_group_permissions_permission_id_84c5c92e; Type: INDEX; Schema: public; Owner: admin_erp_db
--

CREATE INDEX auth_group_permissions_permission_id_84c5c92e ON public.auth_group_permissions USING btree (permission_id);


--
-- TOC entry 4920 (class 1259 OID 16744)
-- Name: auth_permission_content_type_id_2f476e4b; Type: INDEX; Schema: public; Owner: admin_erp_db
--

CREATE INDEX auth_permission_content_type_id_2f476e4b ON public.auth_permission USING btree (content_type_id);


--
-- TOC entry 4941 (class 1259 OID 16774)
-- Name: auth_user_groups_group_id_97559544; Type: INDEX; Schema: public; Owner: admin_erp_db
--

CREATE INDEX auth_user_groups_group_id_97559544 ON public.auth_user_groups USING btree (group_id);


--
-- TOC entry 4944 (class 1259 OID 16773)
-- Name: auth_user_groups_user_id_6a12ed8b; Type: INDEX; Schema: public; Owner: admin_erp_db
--

CREATE INDEX auth_user_groups_user_id_6a12ed8b ON public.auth_user_groups USING btree (user_id);


--
-- TOC entry 4947 (class 1259 OID 16788)
-- Name: auth_user_user_permissions_permission_id_1fbb5f2c; Type: INDEX; Schema: public; Owner: admin_erp_db
--

CREATE INDEX auth_user_user_permissions_permission_id_1fbb5f2c ON public.auth_user_user_permissions USING btree (permission_id);


--
-- TOC entry 4950 (class 1259 OID 16787)
-- Name: auth_user_user_permissions_user_id_a95ead1b; Type: INDEX; Schema: public; Owner: admin_erp_db
--

CREATE INDEX auth_user_user_permissions_user_id_a95ead1b ON public.auth_user_user_permissions USING btree (user_id);


--
-- TOC entry 4938 (class 1259 OID 16820)
-- Name: auth_user_username_6821ab7c_like; Type: INDEX; Schema: public; Owner: admin_erp_db
--

CREATE INDEX auth_user_username_6821ab7c_like ON public.auth_user USING btree (username varchar_pattern_ops);


--
-- TOC entry 4953 (class 1259 OID 16814)
-- Name: django_admin_log_content_type_id_c4bce8eb; Type: INDEX; Schema: public; Owner: admin_erp_db
--

CREATE INDEX django_admin_log_content_type_id_c4bce8eb ON public.django_admin_log USING btree (content_type_id);


--
-- TOC entry 4956 (class 1259 OID 16815)
-- Name: django_admin_log_user_id_c564eba6; Type: INDEX; Schema: public; Owner: admin_erp_db
--

CREATE INDEX django_admin_log_user_id_c564eba6 ON public.django_admin_log USING btree (user_id);


--
-- TOC entry 4957 (class 1259 OID 16841)
-- Name: django_session_expire_date_a5c62663; Type: INDEX; Schema: public; Owner: admin_erp_db
--

CREATE INDEX django_session_expire_date_a5c62663 ON public.django_session USING btree (expire_date);


--
-- TOC entry 4960 (class 1259 OID 16840)
-- Name: django_session_session_key_c0390e0f_like; Type: INDEX; Schema: public; Owner: admin_erp_db
--

CREATE INDEX django_session_session_key_c0390e0f_like ON public.django_session USING btree (session_key varchar_pattern_ops);


--
-- TOC entry 5034 (class 2606 OID 25215)
-- Name: appErpAdmin_coursesessions appErpAdmin_coursese_course_id_58587d2d_fk_appErpAdm; Type: FK CONSTRAINT; Schema: public; Owner: admin_erp_db
--

ALTER TABLE ONLY public."appErpAdmin_coursesessions"
    ADD CONSTRAINT "appErpAdmin_coursese_course_id_58587d2d_fk_appErpAdm" FOREIGN KEY (course_id) REFERENCES public."appErpAdmin_courses"(id) DEFERRABLE INITIALLY DEFERRED;


--
-- TOC entry 5035 (class 2606 OID 25220)
-- Name: appErpAdmin_coursesessions appErpAdmin_coursese_university_id_058b7bbb_fk_appErpAdm; Type: FK CONSTRAINT; Schema: public; Owner: admin_erp_db
--

ALTER TABLE ONLY public."appErpAdmin_coursesessions"
    ADD CONSTRAINT "appErpAdmin_coursese_university_id_058b7bbb_fk_appErpAdm" FOREIGN KEY (university_id) REFERENCES public."appErpAdmin_university"(id) DEFERRABLE INITIALLY DEFERRED;


--
-- TOC entry 5033 (class 2606 OID 25170)
-- Name: appErpAdmin_erpadmin appErpAdmin_erpadmin_role_id_29f17867_fk_appErpAdm; Type: FK CONSTRAINT; Schema: public; Owner: admin_erp_db
--

ALTER TABLE ONLY public."appErpAdmin_erpadmin"
    ADD CONSTRAINT "appErpAdmin_erpadmin_role_id_29f17867_fk_appErpAdm" FOREIGN KEY (role_id) REFERENCES public."appErpAdmin_adminroles"(role_id) DEFERRABLE INITIALLY DEFERRED;


--
-- TOC entry 5036 (class 2606 OID 25534)
-- Name: appErpAdmin_studentenrollment appErpAdmin_studente_course_id_64a64c51_fk_appErpAdm; Type: FK CONSTRAINT; Schema: public; Owner: admin_erp_db
--

ALTER TABLE ONLY public."appErpAdmin_studentenrollment"
    ADD CONSTRAINT "appErpAdmin_studente_course_id_64a64c51_fk_appErpAdm" FOREIGN KEY (course_id) REFERENCES public."appErpAdmin_coursesessions"(id) DEFERRABLE INITIALLY DEFERRED;


--
-- TOC entry 5037 (class 2606 OID 25539)
-- Name: appErpAdmin_studentenrollment appErpAdmin_studente_student_id_42988c01_fk_appStuden; Type: FK CONSTRAINT; Schema: public; Owner: admin_erp_db
--

ALTER TABLE ONLY public."appErpAdmin_studentenrollment"
    ADD CONSTRAINT "appErpAdmin_studente_student_id_42988c01_fk_appStuden" FOREIGN KEY (student_id) REFERENCES public."appStudent_student"(id) DEFERRABLE INITIALLY DEFERRED;


--
-- TOC entry 5031 (class 2606 OID 16940)
-- Name: appFaculty_activitylogsfaculty appFaculty_activityl_faculty_id_f87551a2_fk_appFacult; Type: FK CONSTRAINT; Schema: public; Owner: admin_erp_db
--

ALTER TABLE ONLY public."appFaculty_activitylogsfaculty"
    ADD CONSTRAINT "appFaculty_activityl_faculty_id_f87551a2_fk_appFacult" FOREIGN KEY (faculty_id) REFERENCES public."appFaculty_faculty"(id) DEFERRABLE INITIALLY DEFERRED;


--
-- TOC entry 5032 (class 2606 OID 16975)
-- Name: appFaculty_facultyassignedsubject appFaculty_facultyas_faculty_id_a1844b6f_fk_appFacult; Type: FK CONSTRAINT; Schema: public; Owner: admin_erp_db
--

ALTER TABLE ONLY public."appFaculty_facultyassignedsubject"
    ADD CONSTRAINT "appFaculty_facultyas_faculty_id_a1844b6f_fk_appFacult" FOREIGN KEY (faculty_id) REFERENCES public."appFaculty_faculty"(faculty_id) DEFERRABLE INITIALLY DEFERRED;


--
-- TOC entry 5030 (class 2606 OID 16885)
-- Name: appStudent_activitylogs appStudent_activityl_student_id_bc33e3cf_fk_appStuden; Type: FK CONSTRAINT; Schema: public; Owner: admin_erp_db
--

ALTER TABLE ONLY public."appStudent_activitylogs"
    ADD CONSTRAINT "appStudent_activityl_student_id_bc33e3cf_fk_appStuden" FOREIGN KEY (student_id) REFERENCES public."appStudent_student"(id) DEFERRABLE INITIALLY DEFERRED;


--
-- TOC entry 5022 (class 2606 OID 16753)
-- Name: auth_group_permissions auth_group_permissio_permission_id_84c5c92e_fk_auth_perm; Type: FK CONSTRAINT; Schema: public; Owner: admin_erp_db
--

ALTER TABLE ONLY public.auth_group_permissions
    ADD CONSTRAINT auth_group_permissio_permission_id_84c5c92e_fk_auth_perm FOREIGN KEY (permission_id) REFERENCES public.auth_permission(id) DEFERRABLE INITIALLY DEFERRED;


--
-- TOC entry 5023 (class 2606 OID 16748)
-- Name: auth_group_permissions auth_group_permissions_group_id_b120cbf9_fk_auth_group_id; Type: FK CONSTRAINT; Schema: public; Owner: admin_erp_db
--

ALTER TABLE ONLY public.auth_group_permissions
    ADD CONSTRAINT auth_group_permissions_group_id_b120cbf9_fk_auth_group_id FOREIGN KEY (group_id) REFERENCES public.auth_group(id) DEFERRABLE INITIALLY DEFERRED;


--
-- TOC entry 5021 (class 2606 OID 16739)
-- Name: auth_permission auth_permission_content_type_id_2f476e4b_fk_django_co; Type: FK CONSTRAINT; Schema: public; Owner: admin_erp_db
--

ALTER TABLE ONLY public.auth_permission
    ADD CONSTRAINT auth_permission_content_type_id_2f476e4b_fk_django_co FOREIGN KEY (content_type_id) REFERENCES public.django_content_type(id) DEFERRABLE INITIALLY DEFERRED;


--
-- TOC entry 5024 (class 2606 OID 16768)
-- Name: auth_user_groups auth_user_groups_group_id_97559544_fk_auth_group_id; Type: FK CONSTRAINT; Schema: public; Owner: admin_erp_db
--

ALTER TABLE ONLY public.auth_user_groups
    ADD CONSTRAINT auth_user_groups_group_id_97559544_fk_auth_group_id FOREIGN KEY (group_id) REFERENCES public.auth_group(id) DEFERRABLE INITIALLY DEFERRED;


--
-- TOC entry 5025 (class 2606 OID 16763)
-- Name: auth_user_groups auth_user_groups_user_id_6a12ed8b_fk_auth_user_id; Type: FK CONSTRAINT; Schema: public; Owner: admin_erp_db
--

ALTER TABLE ONLY public.auth_user_groups
    ADD CONSTRAINT auth_user_groups_user_id_6a12ed8b_fk_auth_user_id FOREIGN KEY (user_id) REFERENCES public.auth_user(id) DEFERRABLE INITIALLY DEFERRED;


--
-- TOC entry 5026 (class 2606 OID 16782)
-- Name: auth_user_user_permissions auth_user_user_permi_permission_id_1fbb5f2c_fk_auth_perm; Type: FK CONSTRAINT; Schema: public; Owner: admin_erp_db
--

ALTER TABLE ONLY public.auth_user_user_permissions
    ADD CONSTRAINT auth_user_user_permi_permission_id_1fbb5f2c_fk_auth_perm FOREIGN KEY (permission_id) REFERENCES public.auth_permission(id) DEFERRABLE INITIALLY DEFERRED;


--
-- TOC entry 5027 (class 2606 OID 16777)
-- Name: auth_user_user_permissions auth_user_user_permissions_user_id_a95ead1b_fk_auth_user_id; Type: FK CONSTRAINT; Schema: public; Owner: admin_erp_db
--

ALTER TABLE ONLY public.auth_user_user_permissions
    ADD CONSTRAINT auth_user_user_permissions_user_id_a95ead1b_fk_auth_user_id FOREIGN KEY (user_id) REFERENCES public.auth_user(id) DEFERRABLE INITIALLY DEFERRED;


--
-- TOC entry 5028 (class 2606 OID 16804)
-- Name: django_admin_log django_admin_log_content_type_id_c4bce8eb_fk_django_co; Type: FK CONSTRAINT; Schema: public; Owner: admin_erp_db
--

ALTER TABLE ONLY public.django_admin_log
    ADD CONSTRAINT django_admin_log_content_type_id_c4bce8eb_fk_django_co FOREIGN KEY (content_type_id) REFERENCES public.django_content_type(id) DEFERRABLE INITIALLY DEFERRED;


--
-- TOC entry 5029 (class 2606 OID 16809)
-- Name: django_admin_log django_admin_log_user_id_c564eba6_fk_auth_user_id; Type: FK CONSTRAINT; Schema: public; Owner: admin_erp_db
--

ALTER TABLE ONLY public.django_admin_log
    ADD CONSTRAINT django_admin_log_user_id_c564eba6_fk_auth_user_id FOREIGN KEY (user_id) REFERENCES public.auth_user(id) DEFERRABLE INITIALLY DEFERRED;


-- Completed on 2026-05-14 05:41:29

--
-- PostgreSQL database dump complete
--

\unrestrict ZbQ3UXLlvdaABkDYS8DCWKy0UzJHRk4es0zvRslxNaHa5TQv1rG4NgfxdRIpMX2

